-- MySQL dump 10.13  Distrib 8.0.17, for Linux (x86_64)
--
-- Host: localhost    Database: teams
-- ------------------------------------------------------
-- Server version	8.0.17

/*!40101 SET @OLD_CHARACTER_SET_CLIENT=@@CHARACTER_SET_CLIENT */;
/*!40101 SET @OLD_CHARACTER_SET_RESULTS=@@CHARACTER_SET_RESULTS */;
/*!40101 SET @OLD_COLLATION_CONNECTION=@@COLLATION_CONNECTION */;
/*!50503 SET NAMES utf8mb4 */;
/*!40103 SET @OLD_TIME_ZONE=@@TIME_ZONE */;
/*!40103 SET TIME_ZONE='+00:00' */;
/*!40014 SET @OLD_UNIQUE_CHECKS=@@UNIQUE_CHECKS, UNIQUE_CHECKS=0 */;
/*!40014 SET @OLD_FOREIGN_KEY_CHECKS=@@FOREIGN_KEY_CHECKS, FOREIGN_KEY_CHECKS=0 */;
/*!40101 SET @OLD_SQL_MODE=@@SQL_MODE, SQL_MODE='NO_AUTO_VALUE_ON_ZERO' */;
/*!40111 SET @OLD_SQL_NOTES=@@SQL_NOTES, SQL_NOTES=0 */;

--
-- Table structure for table `comment`
--

DROP TABLE IF EXISTS `comment`;
/*!40101 SET @saved_cs_client     = @@character_set_client */;
/*!50503 SET character_set_client = utf8mb4 */;
CREATE TABLE `comment` (
  `id` int(11) NOT NULL AUTO_INCREMENT,
  `content` varchar(1000) DEFAULT NULL,
  `date_posted` datetime DEFAULT NULL,
  `title` varchar(255) DEFAULT NULL,
  `user_id` int(11) DEFAULT NULL,
  `parent_id` int(11) DEFAULT NULL,
  `post_id` int(11) DEFAULT NULL,
  `parent_comm` int(11) DEFAULT NULL,
  PRIMARY KEY (`id`),
  KEY `FK8kcum44fvpupyw6f5baccx25c` (`user_id`),
  KEY `FKde3rfu96lep00br5ov0mdieyt` (`parent_id`),
  KEY `FKs1slvnkuemjsq2kj4h3vhx7i1` (`post_id`),
  KEY `FKotvu4pnh5vtuhr4jn40i5hibx` (`parent_comm`)
) ENGINE=MyISAM AUTO_INCREMENT=45 DEFAULT CHARSET=utf8mb4 COLLATE=utf8mb4_0900_ai_ci;
/*!40101 SET character_set_client = @saved_cs_client */;

--
-- Dumping data for table `comment`
--

LOCK TABLES `comment` WRITE;
/*!40000 ALTER TABLE `comment` DISABLE KEYS */;
INSERT INTO `comment` VALUES (1,'Didnt work out as intended, I broke more stuff than I fixed. Apparently it is not easy because of the side menu, there still has to be a way. Maybe remove the side menu. Or add another way to do it. To center the columns in the screen remaining','2019-10-01 00:00:00','Didnt work',3,NULL,20,NULL),(2,'Bootstrap won\'t always work. If jquery is commented out -> saved -> uncommented it will work, but not for long. Looltips still work, but they\'re not as appealing.','2019-07-26 13:21:07','Bootstrap problems',3,NULL,36,NULL),(3,'I don\'t think it is worth it for the log in. Maybe for the tasks, but they fetch pretty fast...','2019-08-12 20:50:56','Is it worth it?',3,NULL,48,NULL),(4,'The back-end has been secured with a SSL certificare and now runs on port 8443. HTTPS','2019-08-15 16:24:51','SSL encrypt',3,NULL,54,NULL),(5,'No need to do this anymore. \nShow page loading is because of app.js which is 11 MB(!!!) and its size will shrink if the project will be buid.','2019-08-20 19:59:47','No need',1,NULL,14,NULL),(6,'Only one version will be created. Which one?','2019-08-20 20:35:22','One version',3,NULL,42,NULL),(7,'Search in tasks is done. Next is for teams and projects.','2019-08-20 20:36:53','The search feature for task is done',3,NULL,52,NULL),(8,'Leave it for later but create it on task loading and refreshing because it doesn\'t look very pleasant when something changes. ','2019-08-21 15:46:00','Create it',3,NULL,48,NULL),(9,'Fix the timeline spacing.\nFetch the tasks for the piechart','2019-08-21 22:09:58','Tomorrow',3,NULL,44,NULL),(10,'Event triggers are added for when user \n-creates a task \n-creates a comment\n-creates a user\n-updates a task\n-updates a user\n-updates a comment\n-deletes a user','2019-08-24 20:03:33','Event triggers added',3,NULL,66,NULL),(11,'Update photo path to /api/user/{id}/photo','2019-08-25 14:22:23','Update photo path',3,NULL,69,NULL),(12,'Problem with endline. if i put \"pre\" it will not add css and if i replace endline with \"br\" it will not affect all lines.\nMore research','2019-08-25 15:14:29','\\n problem',3,NULL,72,NULL),(13,'The cause was that the tasks didn\'t refresh properly. fixed it with for in refresh for eash page for eash category.\nAn improvement may be updting only the affected categories','2019-08-25 21:08:30','Cause',3,NULL,61,NULL),(14,'Looks good for the moment.\nAny improvements?','2019-08-25 21:10:16','Looks good for the moment',3,NULL,49,NULL),(15,'A problem is that if a wanted to access url is set and the pages refreshes the \"wanted to access\" is still there.\nShould this be fixed?','2019-08-25 21:12:07','Problem ',3,NULL,45,NULL),(16,'Date paginate sunt pe:\n- Tasks page\n- History pe profile page.\n\nAr mai trebui creeate pe search page la taskuri si utilizatori.','2019-08-25 21:13:26','Until now',3,NULL,22,NULL),(17,'Using replace with regex worked just fine','2019-08-25 22:29:38','Fixed',3,NULL,72,NULL),(18,'Now it shows those to everyone that accesses the profile','2019-08-25 22:30:56','Show tasks',3,NULL,67,NULL),(20,'Closed because is duplicate of <a href=\"http://192.168.0.150:8080/task?taskId=66\"> this one </a>','2019-08-25 22:35:05','Closed',3,NULL,65,NULL),(21,'Logs are now saved to teamUpLogs.log\nMaybe configure not to have more than a maximum size? Is this possible?','2019-08-25 22:48:12','Saved',3,NULL,76,NULL),(22,'Moved checkbox there.\nFilter is not working properly all the time.\nAdded sort buttons, soon will be implemented.\nWill create another (minimalistic) way to see tasks. ','2019-08-27 17:56:48','Update',3,NULL,20,NULL),(23,'Split GET controller into 3:\n<ul>\n<li>user controller</li>\n<li>task controller</li>\n<li>the rest</li>\n</ul>','2019-08-27 21:23:21','Split get controller into 3',3,NULL,82,NULL),(24,'Updated in TaskPost, Departments in CreateTask.','2019-08-28 16:31:25','Updated',3,NULL,86,NULL),(25,'Schimbarea \"v-if\" cu \"v-show\" la afisarea categoriei ar trebui sa fixeze problema.','2019-08-28 20:37:20','Posibil fix:',3,NULL,64,NULL),(26,'Statusul afiseaza enum-ul din backend in loc de front-end. \nRe-opening this.','2019-08-29 10:56:51','Update status',3,NULL,60,NULL),(27,'Create this using v-show to hide the tasks panel and add a border to the parent panel in a class','2019-08-30 12:32:15','Idea',3,NULL,35,NULL),(28,'Created loading bar and it should be a good enough sign','2019-09-03 15:12:21','Created loading bar',3,NULL,48,NULL),(29,'De adaugat CLOSED','2019-09-03 15:39:35','De adaugat CLOSED',3,NULL,62,NULL),(30,'Home page is available only if logged. If not logged only login is visible.\nIt has a list of tasks and a list of projects.','2019-09-03 20:18:14','Last changes',3,NULL,42,NULL),(32,'Instead of using two cols i will use two rows.','2019-09-05 15:51:12','Changed structure',3,NULL,104,NULL),(33,'Owner can now edit deadline directly from projects page.','2019-09-05 15:52:53','Owner can edit deadline',3,NULL,102,NULL),(34,'Removed switches that just duplicated code and used a for-loop instead\n','2019-09-05 16:23:05','Removed switch cases',3,NULL,87,NULL),(35,'Already exists <a href=\"http://192.168.0.150:8080/task?taskId=87\">here</a>','2019-09-05 16:41:18','[DUPLICATE]',3,NULL,99,NULL),(38,'Added sort and filter in search url.\nMaybe add page?\n','2019-09-05 18:48:13','Added sort and filter',3,NULL,106,NULL),(39,'Solved now using <a href=\"https://bootstrap-vue.js.org/docs/components/tooltip/\"> this </a>','2019-09-11 17:51:36','Solved',2,NULL,36,NULL),(40,'Page created, remaining to add the posibility to update','2019-09-11 20:45:47','Page created',2,NULL,103,NULL),(41,'test comm','2019-09-17 19:53:36','test comm',3,NULL,84,NULL),(42,'The admin can change the name, mail, status and team. He can also send a request to change the password if a password has been forgot.\nSo he cannot change the username nor delete the password. In the current form adding these features would complicate too much the interface and an update consisting a popup with the edit form would be needed','2019-09-17 19:59:13','Update with changes',3,NULL,101,NULL),(43,'Split endpoints that get too many parameters into multiple functions to simplify the logic','2019-09-19 15:33:01','Split endpoints',3,NULL,69,NULL),(44,'apt-get update; apt-get install vim cron \n\ndocker run --privileged -p 3306:3306 --name mysql_container -e MYSQL_ROOT_PASSWORD=!@#$ -v \"${PWD}:/var/lib/mysql\" -d mysql\n\ncrontab -e:\n\n@daily new_date=$(date); mysqldump teams -u root -p\'!@#$\' > /var/lib/mysql/\"$new_date\".sql','2019-09-22 13:36:54','Commands to run',3,NULL,132,NULL);
/*!40000 ALTER TABLE `comment` ENABLE KEYS */;
UNLOCK TABLES;

--
-- Table structure for table `hibernate_sequence`
--

DROP TABLE IF EXISTS `hibernate_sequence`;
/*!40101 SET @saved_cs_client     = @@character_set_client */;
/*!50503 SET character_set_client = utf8mb4 */;
CREATE TABLE `hibernate_sequence` (
  `next_val` bigint(20) DEFAULT NULL
) ENGINE=MyISAM DEFAULT CHARSET=utf8mb4 COLLATE=utf8mb4_0900_ai_ci;
/*!40101 SET character_set_client = @saved_cs_client */;

--
-- Dumping data for table `hibernate_sequence`
--

LOCK TABLES `hibernate_sequence` WRITE;
/*!40000 ALTER TABLE `hibernate_sequence` DISABLE KEYS */;
INSERT INTO `hibernate_sequence` VALUES (193),(193),(193),(193),(193);
/*!40000 ALTER TABLE `hibernate_sequence` ENABLE KEYS */;
UNLOCK TABLES;

--
-- Table structure for table `location`
--

DROP TABLE IF EXISTS `location`;
/*!40101 SET @saved_cs_client     = @@character_set_client */;
/*!50503 SET character_set_client = utf8mb4 */;
CREATE TABLE `location` (
  `id` int(11) NOT NULL AUTO_INCREMENT,
  `address` varchar(255) DEFAULT NULL,
  `city` varchar(255) DEFAULT NULL,
  `country` varchar(255) DEFAULT NULL,
  PRIMARY KEY (`id`)
) ENGINE=MyISAM AUTO_INCREMENT=2 DEFAULT CHARSET=utf8mb4 COLLATE=utf8mb4_0900_ai_ci;
/*!40101 SET character_set_client = @saved_cs_client */;

--
-- Dumping data for table `location`
--

LOCK TABLES `location` WRITE;
/*!40000 ALTER TABLE `location` DISABLE KEYS */;
INSERT INTO `location` VALUES (1,'Cluj-Napoca','Cluj-Napoca','Romania');
/*!40000 ALTER TABLE `location` ENABLE KEYS */;
UNLOCK TABLES;

--
-- Table structure for table `post`
--

DROP TABLE IF EXISTS `post`;
/*!40101 SET @saved_cs_client     = @@character_set_client */;
/*!50503 SET character_set_client = utf8mb4 */;
CREATE TABLE `post` (
  `id` int(11) NOT NULL AUTO_INCREMENT,
  `task_id` int(11) DEFAULT NULL,
  PRIMARY KEY (`id`),
  KEY `FK5bgat86mp7c0pun36x11esmi8` (`task_id`)
) ENGINE=MyISAM AUTO_INCREMENT=134 DEFAULT CHARSET=utf8mb4 COLLATE=utf8mb4_0900_ai_ci;
/*!40101 SET character_set_client = @saved_cs_client */;

--
-- Dumping data for table `post`
--

LOCK TABLES `post` WRITE;
/*!40000 ALTER TABLE `post` DISABLE KEYS */;
INSERT INTO `post` VALUES (1,1),(2,2),(3,3),(4,4),(5,5),(6,6),(7,7),(8,8),(9,9),(10,10),(11,11),(12,12),(13,13),(14,14),(15,15),(16,16),(17,17),(18,18),(19,19),(20,20),(21,21),(22,22),(23,23),(24,24),(25,25),(26,26),(27,27),(28,28),(29,29),(30,30),(31,31),(32,32),(33,33),(34,34),(35,35),(36,36),(37,37),(38,38),(39,39),(40,40),(41,41),(42,42),(43,43),(44,44),(45,45),(46,46),(47,47),(48,48),(49,49),(50,50),(51,51),(52,52),(53,53),(54,54),(55,55),(56,56),(57,57),(58,58),(59,59),(60,60),(61,61),(62,62),(63,63),(64,64),(65,65),(66,66),(67,67),(68,68),(69,69),(70,70),(71,71),(72,72),(76,73),(77,74),(78,75),(79,76),(80,77),(81,78),(82,79),(83,80),(84,81),(85,82),(86,83),(87,84),(88,85),(89,86),(90,87),(91,88),(92,89),(93,90),(94,91),(95,92),(96,93),(97,94),(98,95),(99,96),(100,97),(101,98),(102,99),(103,100),(104,101),(105,102),(106,103),(107,104),(108,105),(109,106),(110,107),(111,108),(112,109),(113,110),(114,111),(115,112),(116,113),(117,114),(118,115),(119,116),(120,117),(121,118),(122,119),(123,120),(124,121),(125,122),(126,123),(127,124),(128,125),(129,126),(130,127),(131,128),(132,129),(133,130);
/*!40000 ALTER TABLE `post` ENABLE KEYS */;
UNLOCK TABLES;

--
-- Table structure for table `project`
--

DROP TABLE IF EXISTS `project`;
/*!40101 SET @saved_cs_client     = @@character_set_client */;
/*!50503 SET character_set_client = utf8mb4 */;
CREATE TABLE `project` (
  `id` int(11) NOT NULL AUTO_INCREMENT,
  `deadline` datetime DEFAULT NULL,
  `description` varchar(255) DEFAULT NULL,
  `name` varchar(255) DEFAULT NULL,
  `owner_id` int(11) DEFAULT NULL,
  `version` varchar(50) DEFAULT '0.0.1',
  PRIMARY KEY (`id`),
  KEY `FK9ydhxbq67a3m0ek560r2fq38g` (`owner_id`)
) ENGINE=MyISAM AUTO_INCREMENT=14 DEFAULT CHARSET=utf8mb4 COLLATE=utf8mb4_0900_ai_ci;
/*!40101 SET character_set_client = @saved_cs_client */;

--
-- Dumping data for table `project`
--

LOCK TABLES `project` WRITE;
/*!40000 ALTER TABLE `project` DISABLE KEYS */;
INSERT INTO `project` VALUES (1,'2019-10-07 00:00:00','Lucrare Licenta','Lucrare Licenta Mirea Adelin',3,'0.1'),(2,'2020-12-31 00:00:00','Nou proiect pentru teste','Mock project',1,'0.0.1'),(3,'2021-03-01 14:22:37','Mobile app like my Cost spreadSheet.\nUse NoSql DB might be a good decision','Mobile \'Cost\' app',3,'0.0.1'),(13,'2021-03-11 14:22:37','Mobile app like my Cost spreadSheet.\nUse NoSql DB might be a good decision. Or something...','Mobile \'Cost\' app',3,'0.0.2');
/*!40000 ALTER TABLE `project` ENABLE KEYS */;
UNLOCK TABLES;

--
-- Table structure for table `reset_request`
--

DROP TABLE IF EXISTS `reset_request`;
/*!40101 SET @saved_cs_client     = @@character_set_client */;
/*!50503 SET character_set_client = utf8mb4 */;
CREATE TABLE `reset_request` (
  `id` int(11) NOT NULL AUTO_INCREMENT,
  `created_at` datetime DEFAULT NULL,
  `user_id` int(11) DEFAULT NULL,
  PRIMARY KEY (`id`),
  KEY `FK69y95fyxsi0e0x4vl1mf36lkp` (`user_id`)
) ENGINE=MyISAM AUTO_INCREMENT=28 DEFAULT CHARSET=utf8mb4 COLLATE=utf8mb4_0900_ai_ci;
/*!40101 SET character_set_client = @saved_cs_client */;

--
-- Dumping data for table `reset_request`
--

LOCK TABLES `reset_request` WRITE;
/*!40000 ALTER TABLE `reset_request` DISABLE KEYS */;
INSERT INTO `reset_request` VALUES (1,'2019-09-14 14:51:32',1),(2,'2019-09-16 17:57:20',14),(3,'2019-09-21 15:08:30',5),(4,'2019-09-21 15:08:32',6),(5,'2019-09-21 15:09:32',6),(6,'2019-09-21 15:11:09',1),(7,'2019-09-21 15:12:18',1),(8,'2019-09-21 15:20:53',1),(9,'2019-09-21 15:22:32',1),(10,'2019-09-21 15:32:05',8),(11,'2019-09-21 15:35:00',4),(12,'2019-09-21 15:37:39',8),(13,'2019-09-21 15:38:36',3),(14,'2019-09-21 15:39:50',6),(15,'2019-09-21 15:42:33',6),(16,'2019-09-21 15:45:01',6),(17,'2019-09-21 15:47:46',6),(18,'2019-09-21 15:55:55',4),(19,'2019-09-21 15:56:55',4),(20,'2019-09-21 15:57:28',4),(21,'2019-09-21 15:59:02',4),(22,'2019-09-21 16:00:09',4),(23,'2019-09-21 16:02:13',1),(24,'2019-09-21 16:06:51',1),(25,'2019-09-21 16:08:34',1),(26,'2019-09-21 16:10:10',1),(27,'2019-09-21 16:15:10',1);
/*!40000 ALTER TABLE `reset_request` ENABLE KEYS */;
UNLOCK TABLES;

--
-- Table structure for table `task`
--

DROP TABLE IF EXISTS `task`;
/*!40101 SET @saved_cs_client     = @@character_set_client */;
/*!50503 SET character_set_client = utf8mb4 */;
CREATE TABLE `task` (
  `id` int(11) NOT NULL AUTO_INCREMENT,
  `created_at` datetime DEFAULT NULL,
  `deadline` datetime DEFAULT NULL,
  `department` int(11) DEFAULT NULL,
  `description` varchar(255) DEFAULT NULL,
  `difficulty` int(11) NOT NULL,
  `done_at` datetime DEFAULT NULL,
  `last_changed` datetime DEFAULT NULL,
  `priority` int(11) NOT NULL,
  `summary` varchar(255) DEFAULT NULL,
  `task_status` int(11) DEFAULT NULL,
  `task_type` int(11) DEFAULT NULL,
  `project_id` int(11) DEFAULT NULL,
  `reporter_id` int(11) DEFAULT NULL,
  PRIMARY KEY (`id`),
  KEY `FKk8qrwowg31kx7hp93sru1pdqa` (`project_id`),
  KEY `FKkm56sdvq22y1ikcgao47pirs0` (`reporter_id`)
) ENGINE=MyISAM AUTO_INCREMENT=131 DEFAULT CHARSET=utf8mb4 COLLATE=utf8mb4_0900_ai_ci;
/*!40101 SET character_set_client = @saved_cs_client */;

--
-- Dumping data for table `task`
--

LOCK TABLES `task` WRITE;
/*!40000 ALTER TABLE `task` DISABLE KEYS */;
INSERT INTO `task` VALUES (1,'2019-07-14 21:55:31','2019-09-29 00:00:00',1,'BACK-end',1,NULL,'2019-08-12 21:57:03',1,'Partea de back-end',1,1,1,1),(2,'2019-07-16 21:41:00','2019-07-20 20:41:00',0,'Creating task errors',3,'2019-08-12 20:45:29','2019-08-12 20:45:29',3,'Creating task errors',5,1,1,3),(3,'2019-07-20 17:41:00','2019-07-20 23:41:00',0,'Validarea datelor de input pentru adaugarea de task pe front si back',2,'2019-08-12 20:43:38','2019-08-12 20:43:38',1,'Validare date pe front si back',5,0,1,3),(4,'2019-07-18 20:41:00','2019-07-22 20:41:00',0,'Create notification for adding task',3,'2019-08-12 20:44:01','2019-08-12 20:44:01',2,'Create notification',5,3,1,3),(5,'2019-07-17 09:41:00','2019-07-24 20:41:00',0,'Add date time picker in add task form',1,'2019-08-12 20:44:28','2019-08-12 20:44:28',1,'Add date time picker ',5,3,1,3),(6,'2019-07-19 20:41:00','2019-07-24 20:41:00',0,'Create task page for viewing all the details',2,NULL,'2019-09-05 18:55:14',1,'Create task page ',3,2,1,3),(7,'2019-07-20 20:41:00','2019-07-26 09:41:00',0,'Modificare status task atat prin dropdown option din descrierea detaliata cat si prin drag and drop',1,NULL,'2019-09-05 18:54:19',2,'Modificare status task',3,3,1,3),(8,'2019-07-20 20:10:54','2019-07-23 12:41:00',0,'Second type of view for task list',1,NULL,'2019-09-05 16:54:00',3,'Second type of view',3,3,1,3),(9,'2019-07-20 21:07:39','2019-07-24 21:06:00',0,'Assign/Unassign la Task',2,NULL,'2019-07-23 17:52:42',1,'Assign/Unassign la Task',0,3,1,1),(10,'2019-07-20 21:10:22','2019-07-21 21:09:00',0,'Assign to me button doesn\'t work yet. Make it happen',3,NULL,'2019-07-22 20:56:26',2,'Make \"assign to me\" button work',3,2,1,1),(11,'2019-07-21 12:35:13','2019-07-22 12:34:57',0,'This is a task created without selecting any assignees',3,NULL,'2019-07-21 09:35:13',1,'Creating a task without assignees',0,0,1,1),(12,'2019-07-21 20:46:12','2019-07-24 20:45:54',0,'Add users list and reporter in task page and the possibility to change them or unassign all',2,'2019-08-12 20:42:15','2019-08-12 20:42:15',1,'Add users in task page',5,3,1,3),(13,'2019-07-22 20:03:21','2019-07-23 20:02:50',4,'Add more persons to one task',3,NULL,'2019-07-24 20:38:15',3,'Add more persons to one task',3,0,1,1),(14,'2019-07-23 20:05:09','2019-08-14 20:04:43',0,'Optimize page loading by verifying if the user is authenticated or not and changing the \"beforeMounted\" with \"mounted\" or something else. And maybe change routing to use dynamic loading of pages.',1,NULL,'2019-09-05 18:48:36',2,'Optimize page loading',3,2,1,3),(15,'2019-07-23 20:06:03','2019-08-08 20:05:46',0,'Add remove button near user in create task',2,NULL,'2019-08-12 16:38:03',1,'Add remove button near user ',3,3,1,3),(16,'2019-07-23 20:06:36','2019-08-08 20:06:19',0,'Add remove and add button in task detalied view for assignees',2,NULL,'2019-08-13 19:27:09',3,'Add remove button in task detalied view',3,3,1,3),(17,'2019-07-23 20:07:45','2019-08-21 20:07:29',5,'Make Tasks page using row and cols in bootstrap. Center the columns',2,NULL,'2019-09-05 18:48:41',2,'Re-arrange task page',3,3,1,3),(18,'2019-07-23 20:09:07','2019-07-23 21:55:42',5,'Change input from description with a text-area with 3 rows ',3,NULL,'2019-07-24 21:09:57',1,'Update \'create task\'',3,3,1,3),(19,'2019-07-23 20:09:53','2019-08-29 20:08:46',5,'Add sorting methods for tasks in tasks page',1,NULL,'2019-09-05 18:48:51',3,'Sorting tasks page',3,3,1,3),(20,'2019-07-23 20:12:16','2019-08-12 20:11:55',5,'Make left menu from task page usable moving \'Also see reported issues\' there and adding filters and sorting options. And also an option to switch views (for when the next view is created) and see all tasks, not only the ones that contains him.',1,NULL,'2019-09-05 18:48:53',1,'Make left menu usable ',3,3,1,3),(21,'2019-07-23 20:27:11','2019-07-23 20:55:50',5,'On click on an editable field open edit view',3,NULL,'2019-07-24 21:13:53',1,'Update task post',3,3,1,3),(22,'2019-07-23 20:28:36','2019-09-01 20:28:13',0,'Creeare paginare de date. Adaugare optiune de \'show more\' sau \'infinity scroll\'',3,NULL,'2019-09-05 18:48:57',3,'Date paginate',3,3,1,3),(23,'2019-07-23 20:30:30','2019-07-25 20:30:12',5,'Change \'Created at\' field in task post not to show the T. Will need backend changes',3,NULL,'2019-07-24 21:11:56',3,'Change \'Created at\'',3,2,1,3),(24,'2019-07-23 20:32:38','2019-07-23 20:32:30',0,'Testing a task creation with new Text area\nHello.',3,'2019-08-12 20:48:02','2019-08-12 20:48:02',3,'Testing a task creation',5,0,1,3),(25,'2019-07-23 21:00:40','2019-08-08 21:00:19',0,'Make DoneAt to change when task status is set to \'closed\'',3,NULL,'2019-08-13 19:27:06',3,'Make GetDoneAt to change when task status is set to \'closed\'',3,2,1,3),(26,'2019-07-23 21:04:32','2019-07-23 21:04:26',0,'NewCreatedAtDummy',3,'2019-08-12 20:42:47','2019-08-12 20:42:47',3,'NewCreatedAtDummy',5,0,1,3),(27,'2019-07-23 21:27:50','2019-07-24 21:27:10',0,'At task creation automatically create a post for it. Will be useful when adding admin comments',3,NULL,'2019-07-24 21:53:53',2,'Create post for task',3,2,1,3),(28,'2019-07-24 18:18:55','2019-07-26 18:18:33',5,'Eye button next to passsword fields to see the pass',2,'2019-08-12 20:45:06','2019-08-12 20:45:06',3,'Eye button for password fields',5,3,1,3),(29,'2019-07-24 18:19:55','2019-08-10 18:19:41',0,'Add validation on front-end so that passwords coincide',3,NULL,'2019-08-21 09:01:45',1,'Front-end validation for mathcing passwords.',3,2,1,3),(30,'2019-07-24 18:21:03','2019-08-12 22:20:36',5,'Login notification for retry-ing if an error appeared',2,NULL,'2019-08-21 09:10:15',1,'Login improvement',3,3,1,3),(31,'2019-07-24 18:22:06','2019-08-13 21:21:50',5,'Data inserted in form does not dissapear if it is invalid',2,NULL,'2019-08-21 09:10:20',3,'Form improvenemt',3,2,1,3),(32,'2019-07-24 18:23:00','2019-08-13 18:22:40',5,'Add red border input at login for starters and then at creating forms',2,NULL,'2019-08-13 19:26:51',1,'Red border input',3,3,1,3),(33,'2019-07-24 18:24:00','2019-08-14 18:23:50',0,'Validate that deadlines cannot be after the deadline of the project or before the current day',2,NULL,'2019-09-05 18:55:18',3,'Deadline validation for issues',3,2,1,3),(34,'2019-07-24 18:24:41','2019-08-17 18:24:27',0,'Tasks cannot be changed by more than one stage',1,NULL,'2019-08-13 19:26:48',2,'Task stages fix',3,2,1,3),(35,'2019-07-24 18:25:45','2019-08-17 18:25:32',0,'Show bordered div where the task can be added in the GUI',1,NULL,'2019-09-05 18:49:05',2,'Bordered div where task can be added',3,3,1,3),(36,'2019-07-24 18:26:39','2019-07-26 18:26:21',5,'Tooltip with a part of description when hovered over a task',2,NULL,'2019-09-05 18:49:10',1,'Tooltip for tasks',3,3,1,3),(37,'2019-07-24 18:29:28','2019-07-24 18:29:18',0,'DummyTask',3,'2019-09-05 18:55:04','2019-09-05 18:55:04',3,'DummyTask',5,1,1,3),(38,'2019-07-24 19:36:42','2019-08-11 19:36:13',5,'Change taskbox component with span and check if you cand make it not drag anything but the main div to be moved',2,NULL,'2019-08-21 09:10:55',3,'Drag&drop update span&div',3,2,1,3),(39,'2019-07-25 19:12:09','2019-07-26 19:11:53',0,'Make addition of comments possible',2,NULL,'2019-08-13 19:28:56',1,'Create comments',3,2,1,3),(40,'2019-07-25 19:24:15','2019-07-26 19:23:59',0,'Add parent comment to be able to add replyes',3,NULL,'2019-08-07 21:38:45',3,'Add parent comment in comment entity',2,2,1,3),(41,'2019-07-25 20:35:45','2019-08-13 20:35:28',0,'Change dates from program with exception of deadlines and the ones that are not based on the current time to be added from backend. Simplicity?',3,NULL,'2019-09-05 18:49:17',3,'Change dates from program to be added from backend',3,2,1,3),(42,'2019-07-25 21:27:31','2019-08-27 20:35:42',5,'Create home page with its two versions',1,NULL,'2019-09-05 18:49:20',2,'Create home page',3,0,1,3),(43,'2019-07-25 21:38:49','2019-09-04 21:38:28',5,'Create projects page with two columns:\nWorking on and all (that are availabe to me -- TODO)',1,NULL,'2019-09-19 15:45:31',2,'Create projects page',3,0,1,3),(44,'2019-07-25 21:40:13','2019-09-05 21:39:55',5,'Create profile page where you can see a summary, change your password and upload another photo for your profile. \nSee your latest comments and the projects you\'re on',1,NULL,'2019-09-05 18:49:35',3,'Create profile page',3,0,1,3),(45,'2019-08-08 11:27:38','2019-08-09 11:27:01',0,'Add wanted to access url. If uset tries to access a url that cannot be accessed without login it will be saved and redirected to that one after he logges in successfully',2,NULL,'2019-09-05 18:49:38',2,'Wanted to access',3,3,1,3),(46,'2019-08-11 20:48:00','2019-10-14 20:47:41',0,'Create notifications and updates using websockets AND/OR an option to make requests to the server every X seconds',1,NULL,'2019-08-11 20:47:59',2,'Notifications',0,3,1,3),(47,'2019-08-11 21:10:31','2020-01-12 21:10:13',0,'Allowing a task to be split into subtasks? and the subtasks can be assigned only to the ones that are assigned to the \"parent\" task.\nMicro-tasking',1,NULL,'2019-08-21 15:03:22',3,'Subtasking',0,3,1,3),(48,'2019-08-11 21:12:24','2019-08-25 21:12:06',0,'Add loading screen when logging in and (maybe) when fetching tasks?',2,NULL,'2019-09-05 18:49:41',3,'Loading screen',3,3,1,3),(49,'2019-08-12 21:04:33','2019-09-02 21:03:57',5,'Remake comment list appearance adding username, date posted and MAYBE user photo',3,NULL,'2019-08-25 21:10:25',3,'Reformat comments appearance',3,2,1,3),(50,'2019-08-12 21:53:57','2020-01-27 21:53:40',5,'Maybe create a dark mode',1,NULL,'2019-09-05 16:33:40',3,'Dark Mode',0,3,1,3),(51,'2019-08-13 20:09:07','2019-09-30 20:08:48',0,'maxDate does not have effect when applied immediatly but when closed and reopen is takes the last setup',2,NULL,'2019-09-09 21:16:33',3,'Fix maxDate in DatePicker',2,2,1,3),(52,'2019-08-13 21:24:53','2019-09-05 21:23:46',0,'Create the first version of search page',2,NULL,'2019-09-05 18:49:45',2,'Create search page',3,3,1,3),(53,'2019-08-13 21:29:40','2019-09-10 21:29:25',5,'Rearrange Task\'s Post details columns and make it look better',1,NULL,'2019-09-05 18:49:49',3,'Rearrange TaskPost',3,3,1,3),(54,'2019-08-14 17:13:04','2019-08-17 17:12:37',0,'Encrypt password on front-end and decrypt it on backend for higher security',2,NULL,'2019-08-21 15:07:10',1,'Password protection',2,3,1,3),(55,'2019-08-17 17:21:56','2019-08-18 21:21:44',0,'Move authentication check out from controllers',2,NULL,'2019-08-21 07:58:38',3,'Move authentication check out from controllers',3,3,1,3),(56,'2019-08-18 22:09:49','2019-08-21 22:09:15',5,'Calendar in TaskPost has a problem showing incorrect starting date.',2,NULL,'2019-08-20 21:03:02',1,'Deadline change',2,1,1,3),(57,'2019-08-19 17:05:07','2019-08-20 17:04:56',0,'Logout after X minutes where X can be set by user (or not, default=60);',1,NULL,'2019-08-21 09:10:07',2,'Auto Logout',3,3,1,3),(58,'2019-08-19 17:31:02','2019-08-21 17:30:45',0,'Add\"Joined\" filed to contain the date of creation',2,NULL,'2019-08-21 09:01:20',1,'Add \"Joined\" in user at creation',3,3,1,3),(59,'2019-08-19 22:13:41','2019-08-19 22:13:33',0,'dummy task',3,NULL,'2019-09-04 19:04:39',3,'dummy task',0,0,1,1),(60,'2019-08-20 21:04:17','2019-08-29 10:56:19',5,'Show task status in brackets in search.\nE.g.: Creare status [CLOSED]',3,NULL,'2019-09-05 18:52:27',3,'Show status in search',3,3,1,3),(61,'2019-08-21 09:11:44','2019-08-23 09:11:28',5,'Investigate drop problem',1,NULL,'2019-09-05 18:52:19',1,'Drop problem investigate',3,2,1,3),(62,'2019-08-21 16:42:02','2019-09-04 16:41:46',5,'Optiune de filtrare a taskurilor dupa status',2,NULL,'2019-09-05 18:52:00',3,'Filtrare in search',3,3,1,3),(63,'2019-08-21 16:43:06','2019-09-11 16:42:51',5,'Adaugare optiune de sortare a taskurilor in search in functie de data creeari, data ultimei modificari',1,NULL,'2019-09-05 18:51:50',2,'Adaugare Sortare in Search',3,3,1,3),(64,'2019-08-21 16:46:45','2019-09-04 16:46:29',5,'Creeare posibilitate de a face drag&drop la taskuri in alta categorie si cand aceasta este restransa',2,NULL,'2019-09-05 18:54:32',2,'Drop cu categorie restransa',3,3,1,3),(65,'2019-08-21 19:03:28','2019-08-28 19:03:15',0,'Add history of events to user',2,NULL,'2019-08-25 22:33:57',2,'Add history to user',5,3,1,3),(66,'2019-08-22 12:56:54','2019-08-29 12:56:24',0,'Add elements to user activity when user mades a change to a task, creates a task.',2,NULL,'2019-09-05 18:52:08',3,'Add history elements to user activity',3,3,1,3),(67,'2019-08-22 19:49:03','2019-09-12 19:48:48',5,'When in user\'s profile, if clicked on a category in piechart open a popup containing tasks in that category if you\'re the user.',2,NULL,'2019-09-05 18:51:33',2,'Popup with tasks of category',3,3,1,3),(68,'2019-08-22 19:51:08','2019-09-06 19:50:53',5,'chose what to show in piechart.\nIf teamlead you can see your team\'s status or you can only see from a specific time (one week ago)',1,NULL,'2019-08-22 19:51:08',3,'Different piecharts',0,3,1,3),(69,'2019-08-22 19:51:55','2019-09-26 19:51:39',0,'Redesign according to: <a href=\"https://hackernoon.com/restful-api-designing-guidelines-the-best-practices-60e1d954e7c9\">this<a>',2,NULL,'2019-09-09 21:01:35',3,'Redesign REST API endpoints',1,2,1,3),(70,'2019-08-24 16:22:30','2019-08-27 16:22:00',0,'Upload photo on profile',2,NULL,'2019-08-25 21:07:27',3,'Upload photo',3,3,1,3),(71,'2019-08-24 19:38:43','2019-08-25 19:38:25',0,'Update password in user profile form',3,NULL,'2019-08-25 21:07:24',1,'Update password',3,2,1,3),(72,'2019-08-24 20:07:12','2019-08-28 20:06:54',5,'Update text formatting in comments and task descriptions to accept new lines and maybe urls',2,NULL,'2019-08-25 22:29:59',3,'Update text formatting in comments',3,2,1,3),(73,'2019-08-25 21:26:36','2019-09-01 21:26:15',0,'Config Spring to save logs in file',3,NULL,'2019-08-26 18:06:05',3,'Save logs in file',3,3,1,3),(74,'2019-08-25 21:29:07','2019-09-08 21:28:49',0,'On time chart for each user to see tasks that have been \'approved\' before deadline',2,NULL,'2019-08-25 21:29:07',3,'OnTime Chart',0,3,1,3),(75,'2019-08-25 21:30:34','2019-09-30 21:30:09',5,'In tasks page, make columns\' height equal to the one of the page and scroll on each column individually',1,NULL,'2019-08-25 21:30:34',3,'[OPTIONAL] Scroll on column',0,3,1,3),(76,'2019-08-25 22:25:46','2019-09-30 22:25:26',0,'Compress image on backend if it\'s larger than 4MB',2,NULL,'2019-09-05 18:51:27',3,'Compress image on backend',3,3,1,3),(77,'2019-08-26 16:50:02','2019-08-30 16:49:32',0,'Make \'Create team\' ',3,NULL,'2019-09-05 18:51:22',2,'Make \'Create team\' ',3,2,1,3),(78,'2019-08-26 16:51:33','2019-09-06 16:51:04',0,'Make \'Create project\' available first in admin menu and then in user\'s menu',2,NULL,'2019-09-08 14:29:34',3,'Make \'Create project\' ',2,3,1,3),(79,'2019-08-26 18:59:06','2019-09-02 18:57:39',0,'Redesign controllers \nSplit them by entity?\nE.g. RestGetTaskController, RestGetProjectController...',2,NULL,'2019-09-05 18:48:30',3,'[HOME] Redesign controllers',2,3,1,3),(80,'2019-08-26 20:36:37','2019-09-16 20:36:18',5,'Create small (minimalistic) view option for tasks.\nIt contains only the priority and the name',3,NULL,'2019-09-05 18:51:06',3,'Create small view',3,3,1,3),(81,'2019-08-27 17:26:40','2019-09-08 17:14:18',4,'Write unit tests',3,NULL,'2019-09-05 17:14:24',3,'[HOME] write tests',1,0,1,3),(82,'2019-08-27 19:22:39','2019-09-30 00:00:00',5,'Group events in timeline by date',2,NULL,'2019-08-27 19:22:39',3,'Group events in timeline by date',0,3,1,3),(83,'2019-08-27 21:33:09','2019-08-29 21:32:29',5,'update enum values in selects. Replace the underscore (_) with space ( ).',3,NULL,'2019-09-05 18:51:04',2,'Update enums in select',3,2,1,3),(84,'2019-08-28 16:12:07','2019-09-18 16:11:40',5,'More generalization for fetch methods in tasks page where they are dependent on status\n\nMaybe create an array of statuses and iterate over it',2,NULL,'2019-09-05 18:51:02',2,'More generalization in Tasks page',3,2,1,3),(85,'2019-08-28 18:04:38','2019-08-29 18:03:04',5,'Paginarea taskurilor in search in grupuri de 5 sau 10 cu butoane de next si previous',2,NULL,'2019-09-05 18:50:50',2,'Paginare in search',3,3,1,3),(86,'2019-08-28 21:06:45','2019-08-30 21:06:26',5,'User MAX_RESULTS constant from repository for fetch results counting. Will be useful if the number is changing.',3,NULL,'2019-09-05 18:50:42',1,'Use MAX_RESULTS from Repository',3,2,1,3),(87,'2019-08-28 21:25:03','2019-09-30 21:21:53',0,'Edit number of items per page?\nPaginated search in tasks?',1,NULL,'2019-08-28 21:25:03',3,'Edit number of items per page',0,3,1,3),(88,'2019-08-28 21:27:24','2019-09-18 21:27:09',5,'Deadline in calendar does not change reactively when a project is selected.\nFix this problem or add a front validation and a note with selected project\'s deadline for more intuitivity',2,NULL,'2019-09-08 12:36:45',2,'Deadline problem in create task',2,2,1,3),(89,'2019-08-29 09:41:13','2019-09-12 09:40:58',0,'In loc de a lua toate taskurile si a face statisticile pe front, sa se trimita statisticile de pe back',2,NULL,'2019-09-05 18:50:39',2,'Optimizare loading projects',3,2,1,3),(90,'2019-08-29 09:47:32','2019-09-19 09:47:18',0,'Sortare pagina de taskuri si cand e bifata optiunea de taskuri raportate',1,NULL,'2019-08-29 09:47:32',2,'Sortare si taskurile raportate',0,2,1,3),(91,'2019-08-29 17:41:21','2019-09-12 17:40:57',0,'Add list of allowed users in project. \nAnd users can request access.',2,NULL,'2019-08-29 17:41:21',3,'Add allowed users in project',0,3,1,3),(92,'2019-08-29 17:42:25','2019-09-18 17:42:08',0,'Cautarea sa se poata efectua in toate taskurile',1,NULL,'2019-09-05 18:50:36',2,'Cautare in toate taskurile',3,3,1,3),(93,'2019-08-29 19:50:58','2019-09-03 19:50:40',0,'Add \'request\' task type for requests to gain access',3,NULL,'2019-09-05 18:50:24',1,'Add \'REQUEST\' Task type',3,3,1,2),(94,'2019-08-29 22:38:58','2019-09-01 22:38:37',0,'Fetch comments in descending order in taskpost',3,NULL,'2019-09-03 15:23:39',1,'Fetch comments descending',3,2,1,3),(95,'2019-09-03 15:11:03','2019-09-04 15:10:48',5,'Add scroll up button in tasks page',3,NULL,'2019-09-05 18:50:21',1,'Add scroll up button',3,3,1,3),(96,'2019-09-03 15:41:09','2019-09-24 15:40:55',0,'Paginate results in search in tasks page',2,NULL,'2019-09-03 15:41:09',2,'Pagination search',5,3,1,3),(97,'2019-09-03 18:36:35','2019-09-05 18:36:22',5,'Add progress bar to upload photo profile',2,NULL,'2019-09-05 18:50:17',1,'Photo upload progress',3,3,1,3),(98,'2019-09-04 16:22:34','2019-09-18 16:22:18',5,'Create users page for admin purpouse.\nAdmin can edit \n<ul>\n<li>Name</li>\n<li>Username</li>\n<li>Delete photo</li>\n<li>Password</li>\n<li>Status</li>\n<li>Team</li>\n</ul>Team lead might be able to edit the status of a user in his team as well...?',2,NULL,'2019-09-19 15:45:55',1,'Create users page',3,0,1,3),(99,'2019-09-04 16:24:13','2019-09-18 16:23:16',5,'Create project page for project owner to change the deadline.\nOr add an edit button to change the deadline of a project if you\'re the owner',2,NULL,'2019-09-05 18:50:14',1,'Create Project page ',3,0,1,3),(100,'2019-09-04 19:03:29','2019-09-12 19:03:05',5,'Create teams page for admin purpouse.\nAdmin can change name and description. Maybe the leader.',2,NULL,'2019-09-19 15:45:58',2,'Create Teams Page',3,3,1,1),(101,'2019-09-05 09:41:47','2019-09-07 09:41:05',5,'Change date column size on projets in home page',3,NULL,'2019-09-05 18:50:07',2,'Change date column size',3,2,1,3),(102,'2019-09-05 16:25:17','2019-10-01 16:24:26',5,'Add depth (pages) option  when filtering in Tasks page?',3,NULL,'2019-09-05 16:25:17',3,'Add depth (pages) option ',0,3,1,3),(103,'2019-09-05 18:28:42','2019-09-10 18:28:25',5,'Use URL parameters in search to save state of sort and filter',2,NULL,'2019-09-05 19:18:42',1,'Use URL in search',2,2,1,3),(104,'2019-09-08 12:00:03','2019-09-10 11:59:42',5,'Sortare lista useri la asignare in functie de departament',2,NULL,'2019-09-16 22:08:56',1,'Sortare useri la asignare',2,3,1,3),(105,'2019-09-09 19:53:49','2019-09-11 19:53:26',5,'Animation when minimizing and maximizing tasks',2,NULL,'2019-09-09 21:03:19',1,'Animation in tasks ',3,3,1,3),(106,'2019-09-09 21:01:24','2019-09-09 22:00:59',5,'Animation in projects to show and hide description.\nAlso hide other projecs description when another one is presses.',3,NULL,'2019-09-09 21:03:24',1,'Animation in projects',3,3,1,3),(107,'2019-09-09 21:06:56','2019-09-11 21:05:46',5,'Redesign Home page.\nShow only Projects and when clicked on one show a couple of tasks from it',2,NULL,'2019-09-19 15:45:18',1,'Redesign home page',3,3,1,3),(108,'2019-09-11 14:56:48','2019-09-13 14:56:23',5,'Piechart shows logged users tasks not profile users ',3,NULL,'2019-09-13 18:07:28',3,'Problem in piechart',3,1,1,2),(109,'2019-09-11 16:06:29','2019-09-17 18:06:28',5,'If admin, can edit all on taskPost',2,NULL,'2019-09-19 15:43:21',1,'If admin, can edit all on taskPost',3,3,1,2),(110,'2019-09-12 07:58:07','2019-09-17 07:57:51',5,'Add div in TaskPost for description. If description is longer than 9 rows, only the first 9 will appear and the rest will appear after hovering over it',1,NULL,'2019-09-19 15:43:38',1,'Add div for TaskPost',3,3,1,3),(111,'2019-09-12 19:01:53','2019-09-14 19:01:38',5,'Update teams when a user is added on admin page',2,NULL,'2019-09-13 18:03:58',1,'Update teams when a user is added on admin page',2,3,1,3),(112,'2019-09-12 19:02:37','2019-09-17 19:02:23',5,'Update users when a team is added in administrate page',2,NULL,'2019-09-13 18:03:50',1,'Update users when a team is added',2,3,1,3),(113,'2019-09-13 19:00:47','2019-09-19 19:00:17',5,'Creare Componente pentru randurile tabelului.\nVor fi folosite pentru a putea edita entitatile.\nSau sa fie deschise intr-un popup pentru editare.',3,NULL,'2019-09-19 15:45:03',3,'Creare Componente pentru randurile tabelului',3,3,1,3),(114,'2019-09-14 12:48:19','2019-09-17 12:48:03',5,'Make reset password page',1,NULL,'2019-09-19 15:43:54',1,'Make reset password page',3,3,1,3),(115,'2019-09-14 16:44:37','2019-09-18 16:44:22',0,'Add email field in user and userdto',2,NULL,'2019-09-16 17:15:35',1,'Add email field in user',3,2,1,3),(116,'2019-09-14 16:45:17','2019-09-25 21:22:57',5,'Create email template',1,NULL,'2019-09-21 16:17:34',1,'Create email template',2,3,1,3),(117,'2019-09-14 16:46:07','2019-09-15 16:45:37',0,'Create Send Email functionality for resetting password',1,NULL,'2019-09-14 16:46:51',1,'Create Send Email functionality',3,3,1,3),(118,'2019-09-14 16:47:44','2019-09-21 16:47:31',0,'Create posibility to create users without team',1,NULL,'2019-09-19 15:43:10',1,'Create posibility to create users without team',3,3,1,3),(119,'2019-09-14 17:07:41','2019-09-21 17:07:27',5,'Sortare useri dupa nume si Echipa in administrare',1,NULL,'2019-09-17 20:02:54',2,'Sortare useri dupa nume si Echipa in administrare',1,3,1,3),(120,'2019-09-14 18:52:45','2019-09-19 18:52:16',5,'Switch buttons to save and close in users administrate',3,NULL,'2019-09-19 15:43:00',1,'Switch buttons to save and close in users administrate',3,0,1,2),(121,'2019-09-16 17:04:56','2019-09-27 21:23:28',5,'Create delete user Button',3,NULL,'2019-09-21 16:47:56',2,'Create delete user button',2,0,1,2),(122,'2019-09-16 22:03:48','2019-09-23 22:03:28',5,'Create team page for user view',3,NULL,'2019-09-20 21:12:43',2,'Create team page ',2,3,1,3),(123,'2019-09-17 20:04:05','2019-09-24 20:03:23',0,'Search in users in users menu on administrare page',2,NULL,'2019-09-21 16:18:06',2,'Search in users',1,3,1,3),(124,'2019-09-17 20:05:44','2019-09-29 20:05:07',5,'Button in project to create a new version and add version on projects widget, home page and in task ',3,NULL,'2019-09-20 17:17:14',3,'Button in project to create new version',2,0,1,3),(125,'2019-09-17 20:54:48','2019-09-19 20:54:28',5,'Remove id column and replace it only with edit button. No id exposed',3,NULL,'2019-09-19 15:42:41',3,'Remove id column in administrate pages',3,3,1,3),(126,'2019-09-19 15:36:53','2019-09-24 15:36:19',5,'Make side menu appear and disappear with a button',1,NULL,'2019-09-21 14:38:54',2,'Make side menu appear and disappear',2,3,1,3),(127,'2019-09-19 15:52:23','2019-09-24 15:51:54',5,'Make user picking using a dropdown list with a limit of showing users',2,NULL,'2019-09-21 16:17:54',1,'Make a dropdown list in create task and edit task',1,3,1,3),(128,'2019-09-20 17:19:49','2019-10-02 17:19:27',5,'Create posibility to archive projects. \nUI:\n<ul>\n<li>Button to archive.</li> \n<li>Button to unarchive.</li>\n<li>Archived section.</li>\n</ul>\nBackend:\n<ul>\n<li>Archived boolean in Project & DTO </li>\n</ul>',1,NULL,'2019-09-21 16:18:04',3,'Create posibility to archive projects',1,3,1,3),(129,'2019-09-22 13:35:34','2019-09-23 13:35:21',0,'Create docker container with mysql database',2,NULL,'2019-09-22 13:37:08',1,'Create docker with mysql database',2,0,1,3),(130,'2019-09-22 13:37:58','2019-09-29 13:37:41',0,'Create docker container with web application',1,NULL,'2019-09-22 13:37:58',1,'Create docker container with web application',0,0,1,3);
/*!40000 ALTER TABLE `task` ENABLE KEYS */;
UNLOCK TABLES;

--
-- Table structure for table `task_assignees`
--

DROP TABLE IF EXISTS `task_assignees`;
/*!40101 SET @saved_cs_client     = @@character_set_client */;
/*!50503 SET character_set_client = utf8mb4 */;
CREATE TABLE `task_assignees` (
  `task_id` int(11) NOT NULL AUTO_INCREMENT,
  `assignees_id` int(11) NOT NULL,
  KEY `FK1kh4qhthi165derld1ngiutrl` (`assignees_id`),
  KEY `FKo4yer4djkjpmp3hrghfn0hh9` (`task_id`)
) ENGINE=MyISAM AUTO_INCREMENT=131 DEFAULT CHARSET=utf8mb4 COLLATE=utf8mb4_0900_ai_ci;
/*!40101 SET character_set_client = @saved_cs_client */;

--
-- Dumping data for table `task_assignees`
--

LOCK TABLES `task_assignees` WRITE;
/*!40000 ALTER TABLE `task_assignees` DISABLE KEYS */;
INSERT INTO `task_assignees` VALUES (1,1),(2,1),(3,1),(4,1),(5,1),(10,1),(6,1),(7,1),(8,1),(9,1),(10,1),(11,1),(29,1),(13,1),(13,3),(33,1),(33,3),(14,1),(14,3),(15,3),(16,1),(16,3),(17,1),(17,3),(18,1),(18,3),(19,1),(19,3),(20,3),(20,1),(21,3),(22,3),(23,1),(23,3),(24,1),(25,1),(25,3),(26,3),(26,1),(27,3),(28,3),(28,1),(29,1),(29,3),(30,1),(30,3),(31,3),(31,1),(32,1),(32,3),(33,1),(33,3),(34,1),(34,3),(35,1),(35,3),(36,1),(36,3),(37,1),(38,1),(38,3),(39,1),(39,3),(40,1),(40,3),(41,3),(41,1),(42,1),(42,3),(43,1),(43,3),(67,3),(44,1),(45,3),(45,1),(46,1),(46,3),(47,1),(47,3),(48,1),(48,3),(49,1),(49,3),(113,1),(113,3),(116,3),(116,6),(50,1),(50,3),(51,1),(51,3),(65,3),(52,3),(53,1),(53,3),(54,1),(54,3),(55,3),(55,1),(56,3),(56,1),(57,1),(57,3),(58,3),(58,1),(60,3),(61,3),(62,3),(63,3),(64,3),(66,3),(44,3),(68,3),(69,3),(70,3),(71,3),(72,3),(73,3),(74,3),(75,3),(76,3),(77,3),(78,6),(79,3),(80,3),(81,3),(82,3),(83,3),(84,3),(85,3),(86,3),(87,3),(88,3),(89,3),(90,3),(91,3),(92,3),(93,3),(94,3),(95,3),(96,3),(97,3),(98,3),(99,3),(100,3),(101,3),(102,3),(103,3),(104,3),(105,3),(105,6),(106,6),(106,3),(107,6),(107,3),(108,6),(108,3),(109,3),(109,6),(110,6),(110,3),(111,6),(111,3),(112,6),(112,3),(113,3),(113,6),(114,6),(114,3),(115,3),(116,3),(116,1),(117,3),(118,3),(119,6),(119,3),(120,6),(120,3),(121,6),(121,3),(122,6),(122,3),(123,3),(123,6),(124,3),(124,6),(125,6),(125,3),(126,6),(126,3),(127,6),(127,3),(128,3),(128,6),(129,3),(130,3);
/*!40000 ALTER TABLE `task_assignees` ENABLE KEYS */;
UNLOCK TABLES;

--
-- Table structure for table `team`
--

DROP TABLE IF EXISTS `team`;
/*!40101 SET @saved_cs_client     = @@character_set_client */;
/*!50503 SET character_set_client = utf8mb4 */;
CREATE TABLE `team` (
  `id` int(11) NOT NULL AUTO_INCREMENT,
  `department` int(11) DEFAULT NULL,
  `description` varchar(255) DEFAULT NULL,
  `name` varchar(255) DEFAULT NULL,
  `leader_id` int(11) DEFAULT NULL,
  `location_id` int(11) DEFAULT NULL,
  PRIMARY KEY (`id`),
  KEY `FKbxs8rhdluvnucyymbjowulrl6` (`leader_id`),
  KEY `FK1n2xmgo1v2x7tj4uayvmlmxmn` (`location_id`)
) ENGINE=MyISAM AUTO_INCREMENT=10 DEFAULT CHARSET=utf8mb4 COLLATE=utf8mb4_0900_ai_ci;
/*!40101 SET character_set_client = @saved_cs_client */;

--
-- Dumping data for table `team`
--

LOCK TABLES `team` WRITE;
/*!40000 ALTER TABLE `team` DISABLE KEYS */;
INSERT INTO `team` VALUES (1,0,'Devs','Devs Cluj',5,1),(2,0,'Interns','Interns Cluj',NULL,1),(5,0,'Mock team used for testing','Mock',NULL,1),(6,5,'','UI/UX Team',9,1),(7,1,'Cluj COPS Team - Here to help you out','Cluj COPS Team',5,1),(8,3,'Cluj Firmware Team','Cluj FW Team',5,1),(9,4,'Cluj QA Team','Cluj QA Team',9,1);
/*!40000 ALTER TABLE `team` ENABLE KEYS */;
UNLOCK TABLES;

--
-- Table structure for table `user`
--

DROP TABLE IF EXISTS `user`;
/*!40101 SET @saved_cs_client     = @@character_set_client */;
/*!50503 SET character_set_client = utf8mb4 */;
CREATE TABLE `user` (
  `id` int(11) NOT NULL AUTO_INCREMENT,
  `first_name` varchar(255) DEFAULT NULL,
  `hash_key` varchar(255) DEFAULT NULL,
  `is_active` bit(1) NOT NULL,
  `last_active` datetime DEFAULT NULL,
  `last_name` varchar(255) DEFAULT NULL,
  `password` varchar(255) DEFAULT NULL,
  `photo` varchar(255) DEFAULT NULL,
  `status` int(11) DEFAULT NULL,
  `username` varchar(255) DEFAULT NULL,
  `team_id` int(11) DEFAULT NULL,
  `new_photo` varchar(255) DEFAULT NULL,
  `minutes_until_logout` int(11) DEFAULT '60',
  `joined_at` date DEFAULT NULL,
  `mail` varchar(255) DEFAULT NULL,
  PRIMARY KEY (`id`),
  KEY `FKbmqm8c8m2aw1vgrij7h0od0ok` (`team_id`)
) ENGINE=MyISAM AUTO_INCREMENT=15 DEFAULT CHARSET=utf8mb4 COLLATE=utf8mb4_0900_ai_ci;
/*!40101 SET character_set_client = @saved_cs_client */;

--
-- Dumping data for table `user`
--

LOCK TABLES `user` WRITE;
/*!40000 ALTER TABLE `user` DISABLE KEYS */;
INSERT INTO `user` VALUES (1,'Alex','dd24cbcba8c6ffce23089d09680be532',_binary '','2019-09-16 19:06:54','Relu','F0E03F1817F42DACBDFED6516D181B2C','1',1,'ralex',1,NULL,60,'2019-07-01',' ademirea+alex_relu@gmail.com'),(2,'Sys','F61599449EF3BA054C5AE43675D46A92',_binary '\0','2019-09-22 13:51:44','Admin','5f4dcc3b5aa765d61d8327deb882cf99',NULL,5,'admin',NULL,NULL,60,'2019-03-30',' ademirea+system_admin@gmail.com'),(3,'Adelin','912FC8B10632573D0F7AD378D0A91889',_binary '','2019-09-22 18:13:34','Mirea','3a1c94d56271c14e07f477fa49c740e3','3',2,'amirea',1,NULL,60,'2018-11-22','ademirea+adelin_mirea@gmail.com'),(4,'Test','5EC79E7A94C3E998D3C3BE6EF46713D7',_binary '','2019-08-25 15:46:24','User','E10ADC3949BA59ABBE56E057F20F883E',NULL,0,'tuser',2,NULL,60,'2019-07-01',' ademirea+test_user@gmail.com'),(5,'Hawking','A4D67E35C72CD293917431A5FB66CCC4',_binary '','2019-09-04 16:04:17','The Manager','252B42E5FDD080CBF0E13FE5DD9D1580',NULL,10,'hmanager',6,NULL,60,'2019-09-04',' ademirea+hawking_manager@gmail.com'),(6,'Matei','779FF1044859996D61227184B11774B3',_binary '','2019-09-08 13:37:13','Sergiu','2F62207C81CC67033BAE856530FEEF70',NULL,0,'msergiu',6,NULL,60,'2019-09-08',' ademirea+matei_sergiu@gmail.com'),(7,'Mihai','FB232A71C1F71035B106B4C6CB14A8DD',_binary '',NULL,'Adrian','8C4205EC33D8F6CAEAAAA0C10A14138C',NULL,1,'madrian',7,NULL,60,'2019-09-08',' ademirea+mihai_adrian@gmail.com'),(8,'Hateg','4644C3D1445DB53EA05F60AAC20E1D9D',_binary '',NULL,'Alexandra','9DB3C8F773C85206E661D7538DE50FE7',NULL,1,'halexandra',8,NULL,60,'2019-09-08',' ademirea+hateg_alexandra@gmail.com'),(9,'Liviu','D51C56EBB8AC921081DBF10BA4822F97',_binary '',NULL,'Avram','90FEF83F3A5E24142513B6C0E5E2F8AF',NULL,10,'lavram',1,NULL,60,'2019-09-12',' '),(10,'Gabriel ','DB67B8E039341C9241EC23F893D1DC58',_binary '',NULL,'Mircea','6947D08705293D1B4C10AD337756EEBE',NULL,10,'qq',1,NULL,60,'2019-09-12',' '),(11,'Diana','F1A4311E96942A0AA2CA95A26B038B3B',_binary '',NULL,'Marginean','BF261EE6C19837D24AF4DBAB07A63CB1',NULL,1,'dmarginean',6,NULL,60,'2019-09-13',' '),(14,'Bianca','AFA57BC62C0A56DBEBF2A4B0D934BD92',_binary '','2019-09-16 17:14:53','Popa','6B2E87AAD65FF468798F8F7D167FDFFD',NULL,0,'bpopa',8,NULL,60,'2019-09-16','ademirea+bianca.popa@gmail.com');
/*!40000 ALTER TABLE `user` ENABLE KEYS */;
UNLOCK TABLES;

--
-- Table structure for table `user_event`
--

DROP TABLE IF EXISTS `user_event`;
/*!40101 SET @saved_cs_client     = @@character_set_client */;
/*!50503 SET character_set_client = utf8mb4 */;
CREATE TABLE `user_event` (
  `id` int(11) NOT NULL AUTO_INCREMENT,
  `description` varchar(255) DEFAULT NULL,
  `event_type` int(11) DEFAULT NULL,
  `time` datetime DEFAULT NULL,
  `user_id` int(11) DEFAULT NULL,
  PRIMARY KEY (`id`),
  KEY `FKk3smcqwou8absq8qjt3wk4vy9` (`user_id`)
) ENGINE=MyISAM AUTO_INCREMENT=450 DEFAULT CHARSET=utf8mb4 COLLATE=utf8mb4_0900_ai_ci;
/*!40101 SET character_set_client = @saved_cs_client */;

--
-- Dumping data for table `user_event`
--

LOCK TABLES `user_event` WRITE;
/*!40000 ALTER TABLE `user_event` DISABLE KEYS */;
INSERT INTO `user_event` VALUES (1,'Created',0,'2019-07-01 00:00:00',3),(2,'Created first task',0,'2019-07-02 00:00:00',3),(3,'Updated task Regesign REST API endpoints',1,'2019-08-24 13:30:40',3),(4,'Updated task Sorting tasks page',1,'2019-08-24 13:30:54',3),(5,'Updated task Sorting tasks page',1,'2019-08-24 13:31:00',3),(6,'Created task Upload photo',0,'2019-08-24 16:22:30',3),(7,'Updated task Upload photo',1,'2019-08-24 16:32:31',3),(8,'Updated task Upload photo',1,'2019-08-24 19:37:30',3),(9,'Created task Update password',0,'2019-08-24 19:38:43',3),(10,'Added comment \"Event trig\" at task Add history elements to user activity',0,'2019-08-24 20:03:33',3),(11,'Created task Update text formatting in comments',0,'2019-08-24 20:07:12',3),(12,'Updated task Add history elements to user activity',1,'2019-08-24 20:17:36',3),(13,'Added comment \"Update photo path\" at task Regesign REST API endpoints',0,'2019-08-25 14:21:18',3),(14,'Updated task Update text formatting in comments',1,'2019-08-25 14:35:51',3),(15,'Added comment \"\\n problem\" at task Update text formatting in comments',0,'2019-08-25 15:14:25',3),(16,'Updated task Redesign REST API endpoints',1,'2019-08-25 15:34:27',3),(17,'Updated task Redesign REST API endpoints',1,'2019-08-25 15:35:40',3),(18,'Updated task Update password',1,'2019-08-25 15:39:43',3),(19,'Updated task Update password',1,'2019-08-25 21:03:11',3),(20,'Updated task Update password',1,'2019-08-25 21:07:24',3),(21,'Updated task Upload photo',1,'2019-08-25 21:07:27',3),(22,'Added comment \"Cause\" at task Drop problem investigate',0,'2019-08-25 21:08:30',3),(23,'Added comment \"Looks good for the moment\" at task Reformat comments appearance',0,'2019-08-25 21:10:16',3),(24,'Updated task Reformat comments appearance',1,'2019-08-25 21:10:25',3),(25,'Added comment \"Problem \" at task Wanted to access',0,'2019-08-25 21:12:06',3),(26,'Added comment \"Until now\" at task Date paginate',0,'2019-08-25 21:13:26',3),(27,'Updated task Create profile page',1,'2019-08-25 21:19:23',3),(28,'Updated task Show status in search',1,'2019-08-25 21:20:31',3),(29,'Updated task Filtrare in search',1,'2019-08-25 21:20:52',3),(30,'Updated task Create profile page',1,'2019-08-25 21:25:13',3),(31,'Created task Save logs in file',0,'2019-08-25 21:26:36',3),(32,'Created task OnTime Chart',0,'2019-08-25 21:29:07',3),(33,'Created task [OPTIONAL] Scroll on column',0,'2019-08-25 21:30:34',3),(34,'Created task Compress image on backend',0,'2019-08-25 22:25:46',3),(35,'Added comment \"Fixed\" at task Update text formatting in comments',0,'2019-08-25 22:29:38',3),(36,'Updated task Update text formatting in comments',1,'2019-08-25 22:29:46',3),(37,'Updated task Update text formatting in comments',1,'2019-08-25 22:29:53',3),(38,'Updated task Update text formatting in comments',1,'2019-08-25 22:29:59',3),(39,'Updated task Popup with tasks of category',1,'2019-08-25 22:30:50',3),(40,'Added comment \"Show tasks\" at task Popup with tasks of category',0,'2019-08-25 22:30:56',3),(42,'Updated task Popup with tasks of category',1,'2019-08-25 22:32:54',3),(43,'Updated task Add history to user',1,'2019-08-25 22:33:56',3),(44,'Added comment \"Closed\" at task Add history to user',0,'2019-08-25 22:35:05',3),(45,'Added comment \"Saved\" at task \"Save logs in file\"',0,'2019-08-25 22:48:12',3),(46,'Created task \"Make \'Create team\' \"',0,'2019-08-26 16:50:02',3),(47,'Created task \"Make \'Create project\' \"',0,'2019-08-26 16:51:33',3),(48,'Updated task \"Save logs in file\"',1,'2019-08-26 18:05:00',3),(49,'Updated task \"Save logs in file\"',1,'2019-08-26 18:06:05',3),(50,'Created task \"[HOME]\"',0,'2019-08-26 18:59:06',3),(51,'Created task \"Create small view\"',0,'2019-08-26 20:36:37',3),(52,'Created task \"[HOME] write tests\"',0,'2019-08-27 17:26:40',3),(53,'Updated task \"Create search page\"',1,'2019-08-27 17:41:42',3),(54,'Updated task \"Create search page\"',1,'2019-08-27 17:41:44',3),(55,'Updated task \"Create search page\"',1,'2019-08-27 17:41:52',3),(56,'Updated task \"Create search page\"',1,'2019-08-27 17:41:54',3),(57,'Updated task \"Show status in search\"',1,'2019-08-27 17:42:03',3),(58,'Updated task \"Show status in search\"',1,'2019-08-27 17:42:05',3),(59,'Added comment \"Update\" at task \"Make left menu usable \"',0,'2019-08-27 17:56:48',3),(60,'Updated task \"Create projects page\"',1,'2019-08-27 17:58:59',3),(61,'Created task \"Group events in timeline by date\"',0,'2019-08-27 19:22:39',3),(62,'Updated task \"Create projects page\"',1,'2019-08-27 20:06:32',3),(63,'Updated task \"Sorting tasks page\"',1,'2019-08-27 20:06:55',3),(64,'Updated task \"Make left menu usable \"',1,'2019-08-27 20:07:10',3),(65,'Updated task \"Rearrange TaskPost\"',1,'2019-08-27 20:07:38',3),(66,'Updated task \"Rearrange TaskPost\"',1,'2019-08-27 20:07:46',3),(67,'Updated task \"Sorting tasks page\"',1,'2019-08-27 20:08:53',3),(68,'Updated task \"Create small view\"',1,'2019-08-27 21:18:30',3),(69,'Updated task \"[HOME] Redesign controllers\"',1,'2019-08-27 21:22:02',3),(70,'Added comment \"Split get controller into 3\" at task \"[HOME] Redesign controllers\"',0,'2019-08-27 21:23:21',3),(71,'Created task \"Update enums in select\"',0,'2019-08-27 21:33:09',3),(72,'Created task \"More generalization in Tasks page\"',0,'2019-08-28 16:12:07',3),(73,'Updated task \"Sorting tasks page\"',1,'2019-08-28 16:22:52',3),(74,'Updated task \"Make left menu usable \"',1,'2019-08-28 16:23:03',3),(75,'Updated task \"Update enums in select\"',1,'2019-08-28 16:25:24',3),(76,'Added comment \"Updated\" at task \"Update enums in select\"',0,'2019-08-28 16:31:25',3),(77,'Updated task \"Update enums in select\"',1,'2019-08-28 16:31:31',3),(78,'Updated task \"Drop cu categorie restransa\"',1,'2019-08-28 16:33:26',3),(79,'Created task \"Paginare in search\"',0,'2019-08-28 18:04:38',3),(80,'Updated task \"Adaugare Sortare in Search\"',1,'2019-08-28 18:47:34',3),(81,'Updated task \"Create small view\"',1,'2019-08-28 18:49:29',3),(82,'Added comment \"Posibil fix:\" at task \"Drop cu categorie restransa\"',0,'2019-08-28 20:37:20',3),(83,'Created task \"Use MAX_RESULTS from Repository\"',0,'2019-08-28 21:06:44',3),(84,'Updated task \"Paginare in search\"',1,'2019-08-28 21:18:18',3),(85,'Updated task \"Paginare in search\"',1,'2019-08-28 21:18:30',3),(86,'Updated task \"Paginare in search\"',1,'2019-08-28 21:18:44',3),(87,'Created task \"Edit number of items per page\"',0,'2019-08-28 21:22:15',3),(88,'Created task \"Edit number of items per page\"',0,'2019-08-28 21:25:03',3),(89,'Created task \"Deadline problem in create task\"',0,'2019-08-28 21:27:24',3),(90,'Created task \"Optimizare loading projects\"',0,'2019-08-29 09:41:13',3),(91,'Created task \"Sortare si taskurile raportate\"',0,'2019-08-29 09:47:32',3),(92,'Updated task \"Filtrare in search\"',1,'2019-08-29 10:55:43',3),(93,'Added comment \"Update status\" at task \"Show status in search\"',0,'2019-08-29 10:56:51',3),(94,'Updated task \"Show status in search\"',1,'2019-08-29 10:56:58',3),(95,'Updated task \"Show status in search\"',1,'2019-08-29 10:57:04',3),(96,'Updated task \"Show status in search\"',1,'2019-08-29 10:57:23',3),(97,'Created task \"Add allowed users in project\"',0,'2019-08-29 17:41:21',3),(98,'Created task \"Cautare in toate taskurile\"',0,'2019-08-29 17:42:25',3),(99,'Updated task \"Create search page\"',1,'2019-08-29 17:42:55',3),(100,'Updated task \"Show status in search\"',1,'2019-08-29 17:55:26',3),(101,'Updated task \"Create small view\"',1,'2019-08-29 18:26:46',3),(102,'Updated task \"Use MAX_RESULTS from Repository\"',1,'2019-08-29 18:26:50',3),(103,'Updated task \"Drop cu categorie restransa\"',1,'2019-08-29 18:28:43',3),(104,'Updated task \"Drop cu categorie restransa\"',1,'2019-08-29 18:28:52',3),(105,'Updated task \"Create small view\"',1,'2019-08-29 18:49:27',3),(106,'Created task \"Add \'REQUEST\' Task type\"',0,'2019-08-29 19:50:58',2),(107,'Created task \"Fetch comments descending\"',0,'2019-08-29 22:38:58',3),(108,'Added comment \"Idea\" at task \"Bordered div where task can be added\"',0,'2019-08-30 12:32:15',3),(109,'Updated task \"Optimizare loading projects\"',1,'2019-09-02 15:05:43',3),(110,'Updated task \"Add \'REQUEST\' Task type\"',1,'2019-09-03 15:09:53',3),(111,'Created task \"Add scroll up button\"',0,'2019-09-03 15:11:03',3),(112,'Updated task \"Add scroll up button\"',1,'2019-09-03 15:11:12',3),(113,'Updated task \"Add scroll up button\"',1,'2019-09-03 15:11:13',3),(114,'Updated task \"Fetch comments descending\"',1,'2019-09-03 15:11:31',3),(115,'Added comment \"Created loading bar\" at task \"Loading screen\"',0,'2019-09-03 15:12:21',3),(116,'Updated task \"Fetch comments descending\"',1,'2019-09-03 15:23:25',3),(117,'Updated task \"Fetch comments descending\"',1,'2019-09-03 15:23:39',3),(118,'Updated task \"Use MAX_RESULTS from Repository\"',1,'2019-09-03 15:38:03',3),(119,'Added comment \"De adaugat CLOSED\" at task \"Filtrare in search\"',0,'2019-09-03 15:39:35',3),(120,'Updated task \"Filtrare in search\"',1,'2019-09-03 15:39:40',3),(121,'Created task \"Pagination search\"',0,'2019-09-03 15:41:09',3),(122,'Updated task \"Bordered div where task can be added\"',1,'2019-09-03 15:50:25',3),(123,'Updated task \"Bordered div where task can be added\"',1,'2019-09-03 15:50:41',3),(124,'Updated task \"Bordered div where task can be added\"',1,'2019-09-03 15:50:43',3),(125,'Updated task \"Bordered div where task can be added\"',1,'2019-09-03 16:05:51',3),(126,'Updated task \"Bordered div where task can be added\"',1,'2019-09-03 16:05:54',3),(127,'Updated task \"Adaugare Sortare in Search\"',1,'2019-09-03 16:07:00',3),(128,'Updated task \"Adaugare Sortare in Search\"',1,'2019-09-03 16:07:04',3),(129,'Updated task \"[HOME] Redesign controllers\"',1,'2019-09-03 16:21:06',3),(130,'Updated task \"Redesign REST API endpoints\"',1,'2019-09-03 16:21:10',3),(131,'Updated task \"Redesign REST API endpoints\"',1,'2019-09-03 16:21:22',3),(132,'Updated task \"[HOME] Redesign controllers\"',1,'2019-09-03 16:21:28',3),(133,'Updated task \"Optimizare loading projects\"',1,'2019-09-03 16:22:42',3),(134,'Updated task \"Bordered div where task can be added\"',1,'2019-09-03 16:44:47',3),(135,'Updated task \"Optimize page loading\"',1,'2019-09-03 16:48:24',3),(136,'Updated task \"Optimize page loading\"',1,'2019-09-03 16:48:31',3),(137,'Updated task \"Optimize page loading\"',1,'2019-09-03 16:48:34',3),(138,'Updated task \"Optimize page loading\"',1,'2019-09-03 16:48:55',3),(139,'Updated task \"Filtrare in search\"',1,'2019-09-03 17:22:08',3),(140,'Updated task \"Filtrare in search\"',1,'2019-09-03 17:22:14',3),(141,'Updated task \"Optimizare loading projects\"',1,'2019-09-03 17:23:19',3),(142,'Updated task \"Optimizare loading projects\"',1,'2019-09-03 17:23:20',3),(143,'Updated task \"Optimizare loading projects\"',1,'2019-09-03 17:26:51',3),(144,'Created task \"Photo upload progress\"',0,'2019-09-03 18:36:35',3),(145,'Updated task \"Photo upload progress\"',1,'2019-09-03 18:36:55',3),(146,'Updated task \"Photo upload progress\"',1,'2019-09-03 18:36:59',3),(147,'Updated task \"Create home page\"',1,'2019-09-03 19:34:39',3),(148,'Added comment \"Last changes\" at task \"Create home page\"',0,'2019-09-03 20:18:14',3),(149,'Updated task \"Create home page\"',1,'2019-09-03 20:18:29',3),(150,'Updated task \"Filtrare in search\"',1,'2019-09-04 15:24:30',3),(151,'Updated task \"Loading screen\"',1,'2019-09-04 15:36:52',3),(152,'Updated task \"Loading screen\"',1,'2019-09-04 15:36:59',3),(153,'Updated task \"Compress image on backend\"',1,'2019-09-04 15:37:29',3),(154,'Updated task \"Compress image on backend\"',1,'2019-09-04 15:37:32',3),(155,'Updated task \"Make \'Create team\' \"',1,'2019-09-04 15:37:47',3),(156,'Created user \"Hawking The Manager\"',0,'2019-09-04 16:03:46',2),(157,'Created task \"Create users page\"',0,'2019-09-04 16:22:34',3),(158,'Created task \"Create Project page \"',0,'2019-09-04 16:24:13',3),(159,'Created team \"Mock\" on department \"null\"',0,'2019-09-04 16:59:21',2),(160,'Created team \"Mock\" on department \"DEVELOPMENT\"',0,'2019-09-04 17:03:28',2),(161,'Created team \"Mock\" on department \"DEVELOPMENT\"',0,'2019-09-04 17:06:10',2),(162,'Created team \"Mock\" on department \"DEVELOPMENT\"',0,'2019-09-04 17:07:22',2),(163,'Created team \"Mock\" on department \"DEVELOPMENT\"',0,'2019-09-04 17:08:53',2),(164,'Created team \"a\" on department \"DEVELOPMENT\"',0,'2019-09-04 17:10:41',2),(165,'Created team \"a\" on department \"DEVELOPMENT\"',0,'2019-09-04 17:11:39',2),(166,'Created team \"Mock\" on department \"DEVELOPMENT\"',0,'2019-09-04 17:12:13',2),(167,'Updated project \"Lucrare Licenta Mirea Adelin\"',1,'2019-09-04 18:26:45',3),(168,'Updated project \"Lucrare Licenta Mirea Adelin\"',1,'2019-09-04 18:29:41',3),(169,'Updated project \"Lucrare Licenta Mirea Adelin\"',1,'2019-09-04 18:30:01',3),(170,'Updated project \"Mock project\"',1,'2019-09-04 18:49:07',2),(171,'Updated project \"Mock project\"',1,'2019-09-04 18:49:18',2),(172,'Updated task \"Make \'Create project\' \"',1,'2019-09-04 18:50:03',3),(173,'Updated task \"Make \'Create project\' \"',1,'2019-09-04 18:50:06',3),(174,'Updated task \"Make \'Create team\' \"',1,'2019-09-04 18:53:49',3),(175,'Added comment \"\" at task \"Create Project page \"',0,'2019-09-04 18:54:18',3),(176,'Created task \"Create Teams Page\"',0,'2019-09-04 19:03:29',1),(177,'Updated task \"dummy task\"',1,'2019-09-04 19:04:39',1),(178,'Updated task \"Create users page\"',1,'2019-09-04 19:07:22',3),(179,'Updated task \"Create users page\"',1,'2019-09-04 19:08:06',3),(180,'Created task \"Change date column size\"',0,'2019-09-05 09:41:47',3),(181,'Updated task \"Change date column size\"',1,'2019-09-05 15:47:53',3),(182,'Updated task \"Change date column size\"',1,'2019-09-05 15:50:42',3),(183,'Added comment \"Changed structure\" at task \"Change date column size\"',0,'2019-09-05 15:51:12',3),(184,'Updated task \"Create Project page \"',1,'2019-09-05 15:52:05',3),(185,'Added comment \"Owner can edit deadline\" at task \"Create Project page \"',0,'2019-09-05 15:52:53',3),(186,'Updated task \"Create Project page \"',1,'2019-09-05 15:52:59',3),(187,'Updated task \"More generalization in Tasks page\"',1,'2019-09-05 15:55:05',3),(188,'Added comment \"Removed switch cases\" at task \"More generalization in Tasks page\"',0,'2019-09-05 16:23:05',3),(189,'Updated task \"More generalization in Tasks page\"',1,'2019-09-05 16:23:16',3),(190,'Created task \"Add depth (pages) option \"',0,'2019-09-05 16:24:59',3),(191,'Created task \"Add depth (pages) option \"',0,'2019-09-05 16:25:17',3),(192,'Updated task \"Dark Mode\"',1,'2019-09-05 16:33:07',3),(193,'Updated task \"Dark Mode\"',1,'2019-09-05 16:33:10',3),(194,'Updated task \"Dark Mode\"',1,'2019-09-05 16:33:28',3),(195,'Updated task \"Dark Mode\"',1,'2019-09-05 16:33:40',3),(196,'Updated task \"Cautare in toate taskurile\"',1,'2019-09-05 16:40:20',3),(197,'Added comment \"[DUPLICATE]\" at task \"Pagination search\"',0,'2019-09-05 16:41:18',3),(198,'Added comment \"asdsadsa\" at task \"Pagination search\"',0,'2019-09-05 16:47:20',3),(199,'Added comment \"a\" at task \"Pagination search\"',0,'2019-09-05 16:48:17',3),(200,'Updated task \"Second type of view\"',1,'2019-09-05 16:53:57',3),(201,'Updated task \"Second type of view\"',1,'2019-09-05 16:53:58',3),(202,'Updated task \"Second type of view\"',1,'2019-09-05 16:54:00',3),(203,'Updated task \"[HOME] write tests\"',1,'2019-09-05 17:14:14',3),(204,'Updated task \"[HOME] write tests\"',1,'2019-09-05 17:14:24',3),(205,'Updated task \"Adaugare Sortare in Search\"',1,'2019-09-05 18:27:52',3),(206,'Created task \"Use URL in search\"',0,'2019-09-05 18:28:42',3),(207,'Updated task \"Use URL in search\"',1,'2019-09-05 18:28:50',3),(208,'Added comment \"Added sort and filter\" at task \"Use URL in search\"',0,'2019-09-05 18:48:13',3),(209,'Updated task \"Cautare in toate taskurile\"',1,'2019-09-05 18:48:19',3),(210,'Updated task \"[HOME] Redesign controllers\"',1,'2019-09-05 18:48:30',3),(211,'Updated task \"Optimize page loading\"',1,'2019-09-05 18:48:36',3),(212,'Updated task \"Re-arrange task page\"',1,'2019-09-05 18:48:41',3),(213,'Updated task \"Sorting tasks page\"',1,'2019-09-05 18:48:51',3),(214,'Updated task \"Make left menu usable \"',1,'2019-09-05 18:48:53',3),(215,'Updated task \"Date paginate\"',1,'2019-09-05 18:48:57',3),(216,'Updated task \"Bordered div where task can be added\"',1,'2019-09-05 18:49:05',3),(217,'Updated task \"Tooltip for tasks\"',1,'2019-09-05 18:49:10',3),(218,'Updated task \"Change dates from program to be added from backend\"',1,'2019-09-05 18:49:17',3),(219,'Updated task \"Create home page\"',1,'2019-09-05 18:49:20',3),(220,'Updated task \"Create profile page\"',1,'2019-09-05 18:49:35',3),(221,'Updated task \"Wanted to access\"',1,'2019-09-05 18:49:38',3),(222,'Updated task \"Loading screen\"',1,'2019-09-05 18:49:41',3),(223,'Updated task \"Create search page\"',1,'2019-09-05 18:49:45',3),(224,'Updated task \"Rearrange TaskPost\"',1,'2019-09-05 18:49:49',3),(225,'Updated task \"Change date column size\"',1,'2019-09-05 18:50:07',3),(226,'Updated task \"Create Project page \"',1,'2019-09-05 18:50:14',3),(227,'Updated task \"Photo upload progress\"',1,'2019-09-05 18:50:17',3),(228,'Updated task \"Add scroll up button\"',1,'2019-09-05 18:50:21',3),(229,'Updated task \"Add \'REQUEST\' Task type\"',1,'2019-09-05 18:50:24',3),(230,'Updated task \"Cautare in toate taskurile\"',1,'2019-09-05 18:50:36',3),(231,'Updated task \"Optimizare loading projects\"',1,'2019-09-05 18:50:39',3),(232,'Updated task \"Use MAX_RESULTS from Repository\"',1,'2019-09-05 18:50:42',3),(233,'Updated task \"Paginare in search\"',1,'2019-09-05 18:50:50',3),(234,'Updated task \"More generalization in Tasks page\"',1,'2019-09-05 18:51:02',3),(235,'Updated task \"Update enums in select\"',1,'2019-09-05 18:51:04',3),(236,'Updated task \"Create small view\"',1,'2019-09-05 18:51:06',3),(237,'Updated task \"Make \'Create team\' \"',1,'2019-09-05 18:51:22',3),(238,'Updated task \"Compress image on backend\"',1,'2019-09-05 18:51:27',3),(239,'Updated task \"Popup with tasks of category\"',1,'2019-09-05 18:51:33',3),(240,'Updated task \"Adaugare Sortare in Search\"',1,'2019-09-05 18:51:50',3),(241,'Updated task \"Filtrare in search\"',1,'2019-09-05 18:52:00',3),(242,'Updated task \"Add history elements to user activity\"',1,'2019-09-05 18:52:08',3),(243,'Updated task \"Drop problem investigate\"',1,'2019-09-05 18:52:19',3),(244,'Updated task \"Show status in search\"',1,'2019-09-05 18:52:27',3),(245,'Updated task \"Modificare status task\"',1,'2019-09-05 18:54:19',3),(246,'Updated task \"Drop cu categorie restransa\"',1,'2019-09-05 18:54:32',3),(247,'Updated task \"DummyTask\"',1,'2019-09-05 18:55:00',3),(248,'Updated task \"DummyTask\"',1,'2019-09-05 18:55:04',3),(249,'Updated task \"Create task page \"',1,'2019-09-05 18:55:14',3),(250,'Updated task \"Deadline validation for issues\"',1,'2019-09-05 18:55:18',3),(251,'Updated task \"Use URL in search\"',1,'2019-09-05 19:18:42',3),(252,'Created task \"Sortare useri la asignare\"',0,'2019-09-08 12:00:03',3),(253,'Updated task \"Make \'Create project\' \"',1,'2019-09-08 12:01:34',3),(254,'Created team \"UI/UX Team\" on department \"UI_UX\"',0,'2019-09-08 12:02:38',2),(255,'Created user \"Matei Sergiu\"',0,'2019-09-08 12:19:54',2),(256,'Updated task \"Make \'Create project\' \"',1,'2019-09-08 12:20:51',3),(257,'Updated task \"Deadline problem in create task\"',1,'2019-09-08 12:36:11',3),(258,'Updated task \"Fix maxDate in DatePicker\"',1,'2019-09-08 12:36:33',3),(259,'Updated task \"Deadline problem in create task\"',1,'2019-09-08 12:36:45',3),(260,'Created team \"Cluj COPS Team\" on department \"COPS\"',0,'2019-09-08 12:53:29',2),(261,'Created user \"Mihai Adrian\"',0,'2019-09-08 12:53:56',2),(262,'Created team \"Cluj FW Team\" on department \"FIRMWARE\"',0,'2019-09-08 12:54:18',2),(263,'Created user \"Hateg Alexandra\"',0,'2019-09-08 12:54:48',2),(264,'Updated task \"Sortare useri la asignare\"',1,'2019-09-08 12:55:50',3),(265,'Created project \"Mobile \'Cost\' app\"',0,'2019-09-08 14:26:49',2),(266,'Updated task \"Sortare useri la asignare\"',1,'2019-09-08 14:29:30',3),(267,'Updated task \"Make \'Create project\' \"',1,'2019-09-08 14:29:34',3),(268,'Created task \"Animation in tasks \"',0,'2019-09-09 19:53:49',3),(269,'Updated task \"Animation in tasks \"',1,'2019-09-09 20:10:40',3),(270,'Updated task \"Animation in tasks \"',1,'2019-09-09 20:10:46',3),(271,'Updated task \"Animation in tasks \"',1,'2019-09-09 20:10:50',3),(272,'Created task \"Animation in projects\"',0,'2019-09-09 21:01:24',3),(273,'Updated task \"Animation in tasks \"',1,'2019-09-09 21:01:27',3),(274,'Updated task \"Redesign REST API endpoints\"',1,'2019-09-09 21:01:33',3),(275,'Updated task \"Redesign REST API endpoints\"',1,'2019-09-09 21:01:35',3),(276,'Updated task \"Animation in projects\"',1,'2019-09-09 21:01:50',3),(277,'Updated task \"Animation in projects\"',1,'2019-09-09 21:03:06',3),(278,'Updated task \"Animation in tasks \"',1,'2019-09-09 21:03:19',3),(279,'Updated task \"Animation in projects\"',1,'2019-09-09 21:03:24',3),(280,'Created task \"Redesign home page\"',0,'2019-09-09 21:06:56',3),(281,'Updated task \"Fix maxDate in DatePicker\"',1,'2019-09-09 21:16:33',3),(282,'Updated task \"Redesign home page\"',1,'2019-09-09 21:16:49',3),(283,'Updated task \"Create users page\"',1,'2019-09-09 21:17:31',3),(284,'Updated task \"Create Teams Page\"',1,'2019-09-09 21:17:35',3),(285,'Updated task \"Redesign home page\"',1,'2019-09-10 16:19:24',3),(286,'Created task \"Problem in piechart\"',0,'2019-09-11 14:56:48',2),(287,'Created task \"If admin, can edit all on taskPost\"',0,'2019-09-11 16:06:29',2),(288,'Added comment \"Solved\" at task \"Tooltip for tasks\"',0,'2019-09-11 17:51:36',2),(289,'Updated task \"Create Teams Page\"',1,'2019-09-11 18:30:35',3),(290,'Updated task \"Create Teams Page\"',1,'2019-09-11 18:31:36',3),(291,'Added comment \"Page created\" at task \"Create Teams Page\"',0,'2019-09-11 20:45:47',2),(292,'Created task \"Add div for TaskPost\"',0,'2019-09-12 07:58:07',3),(293,'Created user \"Liviu Avram\"',0,'2019-09-12 18:01:50',2),(294,'Created user \"q q\"',0,'2019-09-12 18:03:13',2),(295,'Created task \"Update teams when a user is added on admin page\"',0,'2019-09-12 19:01:53',3),(296,'Updated task \"Update teams when a user is added on admin page\"',1,'2019-09-12 19:02:07',3),(297,'Created task \"Update users when a team is added\"',0,'2019-09-12 19:02:37',3),(298,'Updated task \"Update users when a team is added\"',1,'2019-09-12 19:02:49',3),(299,'Created team \"Cluj QA Team\" on department \"QA\"',0,'2019-09-12 19:05:53',2),(300,'Updated task \"Update users when a team is added\"',1,'2019-09-13 18:03:50',3),(301,'Updated task \"Update teams when a user is added on admin page\"',1,'2019-09-13 18:03:58',3),(302,'Updated task \"Add div for TaskPost\"',1,'2019-09-13 18:06:06',3),(303,'Updated task \"If admin, can edit all on taskPost\"',1,'2019-09-13 18:06:12',3),(304,'Updated task \"If admin, can edit all on taskPost\"',1,'2019-09-13 18:06:59',2),(305,'Updated task \"Problem in piechart\"',1,'2019-09-13 18:07:25',2),(306,'Updated task \"Problem in piechart\"',1,'2019-09-13 18:07:26',2),(307,'Updated task \"Problem in piechart\"',1,'2019-09-13 18:07:28',2),(308,'Created user \"Diana Marginean\"',0,'2019-09-13 18:19:06',2),(309,'Created task \"Creare Componente pentru randurile tabelului\"',0,'2019-09-13 19:00:47',3),(310,'Updated task \"Add div for TaskPost\"',1,'2019-09-14 11:08:21',3),(311,'Updated task \"If admin, can edit all on taskPost\"',1,'2019-09-14 11:12:10',3),(312,'Created task \"Make reset password page\"',0,'2019-09-14 12:48:19',3),(313,'Created task \"Add email field in user\"',0,'2019-09-14 16:44:37',3),(314,'Created task \"Create email template\"',0,'2019-09-14 16:45:17',3),(315,'Created task \"Create Send Email functionality\"',0,'2019-09-14 16:46:07',3),(316,'Updated task \"Create Send Email functionality\"',1,'2019-09-14 16:46:42',3),(317,'Updated task \"Create Send Email functionality\"',1,'2019-09-14 16:46:47',3),(318,'Updated task \"Create Send Email functionality\"',1,'2019-09-14 16:46:51',3),(319,'Created task \"Create posibility to create users without team\"',0,'2019-09-14 16:47:44',3),(320,'Updated task \"Make reset password page\"',1,'2019-09-14 17:06:18',3),(321,'Updated task \"Make reset password page\"',1,'2019-09-14 17:06:41',3),(322,'Updated task \"Creare Componente pentru randurile tabelului\"',1,'2019-09-14 17:06:49',3),(323,'Created task \"Sortare useri dupa nume si Echipa in administrare\"',0,'2019-09-14 17:07:41',3),(324,'Created task \"Switch buttons to save and close in users administrate\"',0,'2019-09-14 18:52:45',2),(325,'Updated task \"Add email field in user\"',1,'2019-09-14 19:53:56',2),(326,'Created user \"Bianca Popa\"',0,'2019-09-16 16:43:56',2),(327,'Created user \"Bianca Popa\"',0,'2019-09-16 16:45:48',2),(328,'Created user \"Bianca Popa\"',0,'2019-09-16 16:46:56',2),(329,'Updated task \"Switch buttons to save and close in users administrate\"',1,'2019-09-16 16:53:46',3),(330,'Updated task \"Create posibility to create users without team\"',1,'2019-09-16 16:53:52',3),(331,'Created user \"Bianca Popa\"',0,'2019-09-16 17:01:02',2),(332,'Created task \"Create delete user button\"',0,'2019-09-16 17:04:56',2),(333,'Updated task \"Add email field in user\"',1,'2019-09-16 17:15:27',3),(334,'Updated task \"Add email field in user\"',1,'2019-09-16 17:15:32',3),(335,'Updated task \"Add email field in user\"',1,'2019-09-16 17:15:35',3),(336,'Updated task \"Create posibility to create users without team\"',1,'2019-09-16 17:15:39',3),(337,'Updated task \"Switch buttons to save and close in users administrate\"',1,'2019-09-16 17:15:44',3),(338,'Updated user \"Alex Relu\"',1,'2019-09-16 18:57:01',2),(339,'Updated user \"Alex Relu\"',1,'2019-09-16 18:57:38',2),(340,'Updated user \"Alex Relu\"',1,'2019-09-16 19:01:37',2),(341,'Updated user \"Alex Relu\"',1,'2019-09-16 19:01:59',2),(342,'Updated user \"Alex Relu 1\"',1,'2019-09-16 19:02:09',2),(343,'Updated user \"Alex Relu\"',1,'2019-09-16 19:02:23',2),(344,'Updated user \"Alex Relu\"',1,'2019-09-16 19:02:35',2),(345,'Updated user \"Alex Relu\"',1,'2019-09-16 19:03:56',2),(346,'Updated user \"Alex Relu\"',1,'2019-09-16 19:04:06',2),(347,'Updated user \"Alex Relu\"',1,'2019-09-16 19:04:27',2),(348,'Updated user \"Alex Relu\"',1,'2019-09-16 19:09:59',2),(349,'Updated user \"Alex Relu\"',1,'2019-09-16 19:10:40',2),(350,'Updated user \"Alex Relu\"',1,'2019-09-16 19:11:56',2),(351,'Updated user \"Alex Relu\"',1,'2019-09-16 19:12:10',2),(352,'Updated user \"Alex Relu\"',1,'2019-09-16 19:12:47',2),(353,'Created task \"Create team page \"',0,'2019-09-16 22:03:48',3),(354,'Updated task \"Sortare useri la asignare\"',1,'2019-09-16 22:08:56',3),(355,'Updated team \"Devs Cluj\" from department \"DEVELOPMENT\"',1,'2019-09-17 19:16:07',2),(356,'Updated team \"Devs Cluj\" from department \"DEVELOPMENT\"',1,'2019-09-17 19:18:20',2),(357,'Updated team \"Interns Cluj\" from department \"DEVELOPMENT\"',1,'2019-09-17 19:20:34',2),(358,'Updated team \"Interns Cluj\" from department \"DEVELOPMENT\"',1,'2019-09-17 19:20:46',2),(359,'Updated team \"Mock\" from department \"DEVELOPMENT\"',1,'2019-09-17 19:23:49',2),(360,'Updated team \"Cluj COPS Team\" from department \"COPS\"',1,'2019-09-17 19:27:21',2),(361,'Updated task \"Create Teams Page\"',1,'2019-09-17 19:30:41',3),(362,'Updated task \"Creare Componente pentru randurile tabelului\"',1,'2019-09-17 19:30:56',3),(363,'Added comment \"Small change\" at task \"Create users page\"',0,'2019-09-17 19:50:22',3),(364,'Added comment \"test comm\" at task \"[HOME] write tests\"',0,'2019-09-17 19:53:36',3),(365,'Added comment \"Change in use\" at task \"Create users page\"',0,'2019-09-17 19:55:59',3),(366,'Added comment \"Update with changes\" at task \"Create users page\"',0,'2019-09-17 19:59:13',3),(367,'Added comment \"a\" at task \"Create users page\"',0,'2019-09-17 20:01:49',3),(368,'Updated task \"Create users page\"',1,'2019-09-17 20:02:28',3),(369,'Updated task \"Create team page \"',1,'2019-09-17 20:02:42',3),(370,'Updated task \"Create delete user button\"',1,'2019-09-17 20:02:45',3),(371,'Updated task \"Create email template\"',1,'2019-09-17 20:02:53',3),(372,'Updated task \"Sortare useri dupa nume si Echipa in administrare\"',1,'2019-09-17 20:02:54',3),(373,'Created task \"Search in users\"',0,'2019-09-17 20:04:05',3),(374,'Created task \"Button in project to create new version\"',0,'2019-09-17 20:05:44',3),(375,'Created task \"Remove id column in administrate pages\"',0,'2019-09-17 20:54:48',3),(376,'Updated team \"Devs Cluj\" from department \"DEVELOPMENT\"',1,'2019-09-18 19:01:47',2),(377,'Updated user \"Hawking The Manager\"',1,'2019-09-18 19:01:58',2),(378,'Updated team \"Mock\" from department \"DEVELOPMENT\"',1,'2019-09-18 19:02:08',2),(379,'Updated user \"Hawking The Manager\"',1,'2019-09-18 19:44:45',2),(380,'Updated team \"UI/UX Team\" from department \"UI_UX\"',1,'2019-09-18 19:44:56',2),(381,'Updated task \"Create users page\"',1,'2019-09-18 20:34:21',3),(382,'Updated task \"Create Teams Page\"',1,'2019-09-18 20:34:28',3),(383,'Updated task \"Remove id column in administrate pages\"',1,'2019-09-18 20:35:02',3),(384,'Updated task \"Create Teams Page\"',1,'2019-09-18 20:35:04',3),(385,'Updated task \"Create users page\"',1,'2019-09-18 20:35:06',3),(386,'Updated task \"Remove id column in administrate pages\"',1,'2019-09-19 15:23:40',3),(387,'Updated team \"Cluj FW Team\" from department \"FIRMWARE\"',1,'2019-09-19 15:26:06',2),(388,'Updated task \"Button in project to create new version\"',1,'2019-09-19 15:31:55',3),(389,'Added comment \"Split endpoints\" at task \"Redesign REST API endpoints\"',0,'2019-09-19 15:33:01',3),(390,'Created task \"Make side menu appear and disappear\"',0,'2019-09-19 15:36:53',3),(391,'Updated task \"Remove id column in administrate pages\"',1,'2019-09-19 15:42:41',3),(392,'Updated task \"Switch buttons to save and close in users administrate\"',1,'2019-09-19 15:43:00',3),(393,'Updated task \"Create posibility to create users without team\"',1,'2019-09-19 15:43:10',3),(394,'Updated task \"If admin, can edit all on taskPost\"',1,'2019-09-19 15:43:21',3),(395,'Updated task \"Add div for TaskPost\"',1,'2019-09-19 15:43:38',3),(396,'Updated task \"Make reset password page\"',1,'2019-09-19 15:43:54',3),(397,'Updated task \"Creare Componente pentru randurile tabelului\"',1,'2019-09-19 15:45:03',3),(398,'Updated task \"Redesign home page\"',1,'2019-09-19 15:45:18',3),(399,'Updated task \"Create projects page\"',1,'2019-09-19 15:45:31',3),(400,'Updated task \"Create users page\"',1,'2019-09-19 15:45:55',3),(401,'Updated task \"Create Teams Page\"',1,'2019-09-19 15:45:58',3),(402,'Updated project \"Lucrare Licenta Mirea Adelin\"',1,'2019-09-19 15:48:40',3),(403,'Updated project \"Lucrare Licenta Mirea Adelin\"',1,'2019-09-19 15:48:51',3),(404,'Created task \"Make a dropdown list in create task and edit task\"',0,'2019-09-19 15:52:23',3),(405,'Created project \"Mock project\"',0,'2019-09-20 09:49:52',3),(406,'Created project \"Mock project\"',0,'2019-09-20 09:51:13',3),(407,'Created project \"Lucrare Licenta Mirea Adelin\"',0,'2019-09-20 09:59:31',3),(408,'Created project \"Mobile \'Cost\' app\"',0,'2019-09-20 10:01:50',3),(409,'Created project \"Mobile \'Cost\' app\"',0,'2019-09-20 10:02:47',3),(410,'Created project \"Mobile \'Cost\' app\"',0,'2019-09-20 10:05:57',3),(411,'Created project \"Mobile \'Cost\' app\"',0,'2019-09-20 10:07:51',3),(412,'Created project \"Mobile \'Cost\' app\"',0,'2019-09-20 10:09:33',3),(413,'Created project \"Mobile \'Cost\' app\"',0,'2019-09-20 10:10:44',3),(414,'Created project \"Mobile \'Cost\' app\"',0,'2019-09-20 10:22:53',3),(415,'Updated project \"Mobile \'Cost\' app\"',1,'2019-09-20 10:23:34',3),(416,'Updated task \"Button in project to create new version\"',1,'2019-09-20 17:17:14',3),(417,'Created task \"Create posibility to archive projects\"',0,'2019-09-20 17:19:49',3),(418,'Updated task \"Create posibility to archive projects\"',1,'2019-09-20 17:20:12',3),(419,'Updated user \"Liviu Avram\"',1,'2019-09-20 21:03:12',2),(420,'Updated user \"Bianca Popa\"',1,'2019-09-20 21:03:28',2),(421,'Updated user \"Bianca Popa\"',1,'2019-09-20 21:06:25',2),(422,'Updated user \"Bianca Popa\"',1,'2019-09-20 21:06:38',2),(423,'Updated task \"Create team page \"',1,'2019-09-20 21:12:43',3),(424,'Updated task \"Create email template\"',1,'2019-09-20 21:23:03',3),(425,'Updated task \"Create delete user button\"',1,'2019-09-20 21:23:34',2),(426,'Updated task \"Make side menu appear and disappear\"',1,'2019-09-21 14:38:52',3),(427,'Updated task \"Make side menu appear and disappear\"',1,'2019-09-21 14:38:54',3),(428,'Updated user \"Alex Relu\"',1,'2019-09-21 15:05:22',2),(429,'Updated user \"Adelin Mirea\"',1,'2019-09-21 15:05:34',2),(430,'Updated user \"Test User\"',1,'2019-09-21 15:05:47',2),(431,'Updated user \"Hawking The Manager\"',1,'2019-09-21 15:06:04',2),(432,'Updated user \"Matei Sergiu\"',1,'2019-09-21 15:06:21',2),(433,'Updated user \"Mihai Adrian\"',1,'2019-09-21 15:06:36',2),(434,'Updated user \"Hateg Alexandra\"',1,'2019-09-21 15:06:51',2),(435,'Updated task \"Create email template\"',1,'2019-09-21 16:17:34',3),(436,'Updated task \"Make a dropdown list in create task and edit task\"',1,'2019-09-21 16:17:54',3),(437,'Updated task \"Create posibility to archive projects\"',1,'2019-09-21 16:18:04',3),(438,'Updated task \"Search in users\"',1,'2019-09-21 16:18:06',3),(439,'Deleted user \"Diana Marginean\"',2,'2019-09-21 16:40:33',2),(440,'Deleted user \"Adelin Mirea\"',2,'2019-09-21 16:41:59',2),(441,'Deleted user \"Mihai Adrian\"',2,'2019-09-21 16:42:10',2),(442,'Deleted user \"Alex Relu\"',2,'2019-09-21 16:42:42',2),(443,'Updated task \"Create delete user button\"',1,'2019-09-21 16:47:56',3),(444,'Created task \"Create docker with mysql database\"',0,'2019-09-22 13:35:34',3),(445,'Updated task \"Create docker with mysql database\"',1,'2019-09-22 13:35:42',3),(446,'Added comment \"Commands to run\" at task \"Create docker with mysql database\"',0,'2019-09-22 13:36:54',3),(447,'Updated task \"Create docker with mysql database\"',1,'2019-09-22 13:37:08',3),(448,'Created task \"Create docker container with web application\"',0,'2019-09-22 13:37:57',3),(449,'Updated user \"Sys Admin\"',1,'2019-09-22 13:51:29',2);
/*!40000 ALTER TABLE `user_event` ENABLE KEYS */;
UNLOCK TABLES;
/*!40103 SET TIME_ZONE=@OLD_TIME_ZONE */;

/*!40101 SET SQL_MODE=@OLD_SQL_MODE */;
/*!40014 SET FOREIGN_KEY_CHECKS=@OLD_FOREIGN_KEY_CHECKS */;
/*!40014 SET UNIQUE_CHECKS=@OLD_UNIQUE_CHECKS */;
/*!40101 SET CHARACTER_SET_CLIENT=@OLD_CHARACTER_SET_CLIENT */;
/*!40101 SET CHARACTER_SET_RESULTS=@OLD_CHARACTER_SET_RESULTS */;
/*!40101 SET COLLATION_CONNECTION=@OLD_COLLATION_CONNECTION */;
/*!40111 SET SQL_NOTES=@OLD_SQL_NOTES */;

-- Dump completed on 2019-09-22 18:43:00
